Multiple value Claims (filtered-pred-count-label) - Contagem de predicados para o conjunto filtrado de múltiplos valores,,,,,
Predicate,Count,Label,Frequency,,Accumulated Freq
P1215,32818006,apparent magnitude'@en,"24,76",,"24,76"
P528,26283488,catalog code'@en,"19,83",,"44,59"
P2215,8207274,proper motion'@en,"6,19",,"50,78"
P31,5407077,instance of'@en,"4,08",,"54,86"
P684,4306414,ortholog'@en,"3,25",,"58,11"
P106,3987622,occupation'@en,"3,01",,"61,12"
P1087,2866023,Elo rating'@en,"2,16",,"63,28"
P1082,2016139,population'@en,"1,52",,"64,8"
P361,1940350,part of'@en,"1,46",,"66,26"
P527,1679292,has part or parts'@en,"1,27",TOP-10,"67,53"
P971,1604928,category combines topics'@en,"1,21",,"68,74"
P161,1358912,cast member'@en,"1,03",,"69,77"
P131,1302863,located in the administrative territorial entity'@en,"0,98",,"70,75"
P54,1231164,member of sports team'@en,"0,93",,"71,68"
P279,1216700,subclass of'@en,"0,92",,"72,6"
P680,1065973,molecular function'@en,"0,8",,"73,4"
P40,1049619,child'@en,"0,79",,"74,19"
P150,1038465,contains administrative territorial entity'@en,"0,78",,"74,97"
P682,1037014,biological process'@en,"0,78",,"75,75"
P186,992227,made from material'@en,"0,75",,"76,5"
P166,959779,award received'@en,"0,72",,"77,22"
P39,916516,position held'@en,"0,69",,"77,91"
P69,898175,educated at'@en,"0,68",,"78,59"
P5572,866099,expressed in'@en,"0,65",,"79,24"
P421,801857,located in time zone'@en,"0,6",,"79,84"
P681,772871,cell component'@en,"0,58",,"80,42"
P108,709730,employer'@en,"0,54",,"80,96"
P953,644844,full work available at URL'@en,"0,49",,"81,45"
P27,635596,country of citizenship'@en,"0,48",,"81,93"
P50,610359,author'@en,"0,46",,"82,39"
P47,584304,shares border with'@en,"0,44",,"82,83"
P921,526472,main subject'@en,"0,4",,"83,23"
P735,522230,given name'@en,"0,39",,"83,62"
P1344,519640,participant in'@en,"0,39",,"84,01"
P180,496843,depicts'@en,"0,37",,"84,38"
P1843,493136,taxon common name'@en,"0,37",,"84,75"
P195,491468,collection'@en,"0,37",,"85,12"
P1436,474089,collection or exhibition size'@en,"0,36",,"85,48"
P8687,423495,social media followers'@en,"0,32",,"85,8"
P136,418391,genre'@en,"0,32",,"86,12"
P710,403216,participant'@en,"0,3",,"86,42"
P17,395398,country'@en,"0,3",,"86,72"
P703,389276,found in taxon'@en,"0,29",,"87,01"
P1412,381985,"languages spoken, written or signed'@en","0,29",,"87,3"
P281,363084,postal code'@en,"0,27",,"87,57"
P1343,358868,described by source'@en,"0,27",,"87,84"
P625,350519,coordinate location'@en,"0,26",,"88,1"
P128,316579,regulates (molecular biology)'@en,"0,24",,"88,34"
P569,309978,date of birth'@en,"0,23",,"88,57"
P18,307033,image'@en,"0,23",,"88,8"
P4575,304364,HTML entity'@en,"0,23",,"89,03"
P3373,299400,sibling'@en,"0,23",,"89,26"
P1476,297660,title'@en,"0,22",,"89,48"
P185,262576,doctoral student'@en,"0,2",,"89,68"
P348,254523,software version identifier'@en,"0,19",,"89,87"
P793,247969,significant event'@en,"0,19",TOP-K,"90,06"
P1889,236634,different from'@en,"0,18",,"90,24"
P570,226736,date of death'@en,"0,17",,"90,41"
P6379,226191,has works in the collection'@en,"0,17",,"90,58"
P460,225508,said to be the same as'@en,"0,17",,"90,75"
P734,208204,family name'@en,"0,16",,"90,91"
P197,204604,adjacent station'@en,"0,15",,"91,06"
P2093,200543,author name string'@en,"0,15",,"91,21"
P463,193259,member of'@en,"0,15",,"91,36"
P6153,184626,research site'@en,"0,14",,"91,5"
P2789,170596,connects with'@en,"0,13",,"91,63"
P2046,166701,area'@en,"0,13",,"91,76"
P1090,165266,redshift'@en,"0,12",,"91,88"
P1448,165104,official name'@en,"0,12",,92
P1923,157383,participating team'@en,"0,12",,"92,12"
P407,154963,language of work or name'@en,"0,12",,"92,24"
P856,154906,official website'@en,"0,12",,"92,36"
P973,151458,described at URL'@en,"0,11",,"92,47"
P3872,146933,patronage'@en,"0,11",,"92,58"
P1346,143349,winner'@en,"0,11",,"92,69"
P4080,131096,number of houses'@en,"0,1",,"92,79"
P1603,123213,number of cases'@en,"0,09",,"92,88"
P674,118531,characters'@en,"0,09",,"92,97"
P26,113944,spouse'@en,"0,09",,"93,06"
P2216,112358,radial velocity'@en,"0,08",,"93,14"
P1540,109307,male population'@en,"0,08",,"93,22"
P490,109268,provisional designation'@en,"0,08",,"93,3"
P1539,109267,female population'@en,"0,08",,"93,38"
P1538,108267,number of households'@en,"0,08",,"93,46"
P937,108179,work location'@en,"0,08",,"93,54"
P577,105499,publication date'@en,"0,08",,"93,62"
P1050,104661,medical condition'@en,"0,08",,"93,7"
P1478,104413,has immediate cause'@en,"0,08",,"93,78"
P1120,103820,number of deaths'@en,"0,08",,"93,86"
P101,98465,field of work'@en,"0,07",,"93,93"
P2860,93126,cites work'@en,"0,07",,94
P184,90998,doctoral advisor'@en,"0,07",,"94,07"
P1435,90169,heritage designation'@en,"0,07",,"94,14"
P4844,88901,research intervention'@en,"0,07",,"94,21"
P726,88196,candidate'@en,"0,07",,"94,28"
P102,86935,member of political party'@en,"0,07",,"94,35"
P276,85482,location'@en,"0,06",,"94,41"
P3602,84584,candidacy in election'@en,"0,06",,"94,47"
P355,84509,subsidiary'@en,"0,06",,"94,53"
P2321,82790,general classification of race participants'@en,"0,06",,"94,59"
P1128,82308,employees'@en,"0,06",,"94,65"
P607,80798,conflict'@en,"0,06",,"94,71"
P1598,77374,consecrator'@en,"0,06",,"94,77"
P1096,75282,orbital eccentricity'@en,"0,06",,"94,83"
P58,75150,screenwriter'@en,"0,06",,"94,89"
P6499,74642,literate population'@en,"0,06",,"94,95"
P6498,74231,illiterate population'@en,"0,06",,"95,01"
P750,72109,distributed by'@en,"0,05",,"95,06"
P7256,71566,computer performance'@en,"0,05",,"95,11"
P400,71360,platform'@en,"0,05",,"95,16"
P7328,69298,amount cataloged'@en,"0,05",,"95,21"
P641,67078,sport'@en,"0,05",,"95,26"
P1352,65786,ranking'@en,"0,05",,"95,31"
P1001,63411,applies to jurisdiction'@en,"0,05",,"95,36"
P175,62582,performer'@en,"0,05",,"95,41"
P2302,62429,property constraint'@en,"0,05",,"95,46"
P974,61000,tributary'@en,"0,05",,"95,51"
P2521,60999,female form of label'@en,"0,05",,"95,56"
P495,59793,country of origin'@en,"0,05",,"95,61"
P571,59763,inception'@en,"0,05",,"95,66"
P5630,58935,prisoner count'@en,"0,04",,"95,7"
P1441,58707,present in work'@en,"0,04",,"95,74"
P725,58081,voice actor'@en,"0,04",,"95,78"
P444,57945,review score'@en,"0,04",,"95,82"
P264,57244,record label'@en,"0,04",,"95,86"
P800,56432,notable work'@en,"0,04",,"95,9"
P127,56414,owned by'@en,"0,04",,"95,94"
P437,55999,distribution format'@en,"0,04",,"95,98"
P559,55941,terminus'@en,"0,04",,"96,02"
P1705,55463,native label'@en,"0,04",,"96,06"
P1303,55170,instrument'@en,"0,04",,"96,1"
P1111,53195,votes received'@en,"0,04",,"96,14"
P1174,51258,visitors per year'@en,"0,04",,"96,18"
P2139,49240,total revenue'@en,"0,04",,"96,22"
P2124,48942,member count'@en,"0,04",,"96,26"
P2417,48790,stage classification'@en,"0,04",,"96,3"
P645,48688,genomic end'@en,"0,04",,"96,34"
P644,48685,genomic start'@en,"0,04",,"96,38"
P2561,47633,name'@en,"0,04",,"96,42"
P1365,47187,replaces'@en,"0,04",,"96,46"
P2888,46437,exact match'@en,"0,04",,"96,5"
P1433,46344,published in'@en,"0,03",,"96,53"
P551,45910,residence'@en,"0,03",,"96,56"
P1066,45743,student of'@en,"0,03",,"96,59"
P3295,44599,code'@en,"0,03",,"96,62"
P6879,44423,effective temperature'@en,"0,03",,"96,65"
P217,44404,inventory number'@en,"0,03",,"96,68"
P802,41743,student'@en,"0,03",,"96,71"
P272,40753,production company'@en,"0,03",,"96,74"
P162,40603,producer'@en,"0,03",,"96,77"
P1411,39765,nominated for'@en,"0,03",,"96,8"
P190,39669,twinned administrative body'@en,"0,03",,"96,83"
P170,39163,creator'@en,"0,03",,"96,86"
P2044,38477,elevation above sea level'@en,"0,03",,"96,89"
P2851,38340,payment types accepted'@en,"0,03",,"96,92"
P2079,38116,fabrication method'@en,"0,03",,"96,95"
P57,38027,director'@en,"0,03",,"96,98"
P138,37447,named after'@en,"0,03",,"97,01"
P7015,35831,surface gravity'@en,"0,03",,"97,04"
P19,35278,place of birth'@en,"0,03",,"97,07"
P6375,34965,street address'@en,"0,03",,"97,1"
P2567,34360,amended by'@en,"0,03",,"97,13"
P6099,33887,clinical trial phase'@en,"0,03",,"97,16"
P2214,31959,parallax'@en,"0,02",,"97,18"
P137,31630,operator'@en,"0,02",,"97,2"
P1383,31505,contains settlement'@en,"0,02",,"97,22"
P2936,31104,language used'@en,"0,02",,"97,24"
P1830,30276,owner of'@en,"0,02",,"97,26"
P1269,30102,facet of'@en,"0,02",,"97,28"
P2583,30051,distance from Earth'@en,"0,02",,"97,3"
P747,29965,has edition or translation'@en,"0,02",,"97,32"
P6257,28939,right ascension'@en,"0,02",,"97,34"
P6258,28683,declination'@en,"0,02",,"97,36"
P81,28635,connecting line'@en,"0,02",,"97,38"
P8875,28534,indexed in bibliographic review'@en,"0,02",,"97,4"
P2227,28218,metallicity'@en,"0,02",,"97,42"
P215,28091,spectral class'@en,"0,02",,"97,44"
P118,28019,league'@en,"0,02",,"97,46"
P512,27171,academic degree'@en,"0,02",,"97,48"
P1038,27064,relative'@en,"0,02",,"97,5"
P658,26729,tracklist'@en,"0,02",,"97,52"
P859,26535,sponsor'@en,"0,02",,"97,54"
P742,26375,pseudonym'@en,"0,02",,"97,56"
P1192,26231,connecting service'@en,"0,02",,"97,58"
P688,26073,encodes'@en,"0,02",,"97,6"
P452,26061,industry'@en,"0,02",,"97,62"
P1855,25375,Wikidata property example'@en,"0,02",,"97,64"
P609,24980,terminus location'@en,"0,02",,"97,66"
P20,24069,place of death'@en,"0,02",,"97,68"
P1813,23750,short name'@en,"0,02",,"97,7"
P5236,23628,prime factor'@en,"0,02",,"97,72"
P1114,23549,quantity'@en,"0,02",,"97,74"
P1532,23491,country for sport'@en,"0,02",,"97,76"
P840,23140,narrative location'@en,"0,02",,"97,78"
P7938,22985,associated electoral district'@en,"0,02",,"97,8"
P767,22872,contributor to the creative work or subject'@en,"0,02",,"97,82"
P171,22255,parent taxon'@en,"0,02",,"97,84"
P123,21574,publisher'@en,"0,02",,"97,86"
P86,21229,composer'@en,"0,02",,"97,88"
P3148,21001,repeals'@en,"0,02",,"97,9"
P404,20727,game mode'@en,"0,02",,"97,92"
P669,20621,located on street'@en,"0,02",,"97,94"
P3578,20593,autologous cell line'@en,"0,02",,"97,96"
P112,20551,founded by'@en,"0,02",,"97,98"
P996,20504,document file on Wikimedia Commons'@en,"0,02",,98
P410,20476,military rank'@en,"0,02",,"98,02"
P366,20240,has use'@en,"0,02",,"98,04"
P5008,19928,on focus list of Wikimedia project'@en,"0,02",,"98,06"
P179,19873,part of the series'@en,"0,01",,"98,07"
P702,19535,encoded by'@en,"0,01",,"98,08"
P2868,19459,subject has role'@en,"0,01",,"98,09"
P2568,19456,repealed by'@en,"0,01",,"98,1"
P1366,19148,replaced by'@en,"0,01",,"98,11"
P1376,19072,capital of'@en,"0,01",,"98,12"
P1549,18956,demonym'@en,"0,01",,"98,13"
P172,18749,ethnic group'@en,"0,01",,"98,14"
P364,18405,original language of film or TV show'@en,"0,01",,"98,15"
P1552,18061,has quality'@en,"0,01",,"98,16"
P61,18036,discoverer or inventor'@en,"0,01",,"98,17"
P6343,18006,urban population'@en,"0,01",,"98,18"
P6339,17769,reports periodicity'@en,"0,01",,"98,19"
P6,17559,head of government'@en,"0,01",,"98,2"
P8010,17423,number of recoveries'@en,"0,01",,"98,21"
P3494,17315,points classification'@en,"0,01",,"98,22"
P7588,17210,effective date'@en,"0,01",,"98,23"
P2643,17090,Carnegie Classification of Institutions of Higher Education'@en,"0,01",,"98,24"
P1416,17058,affiliation'@en,"0,01",,"98,25"
P413,16480,position played on team / speciality'@en,"0,01",,"98,26"
P462,16406,color'@en,"0,01",,"98,27"
P488,16253,chairperson'@en,"0,01",,"98,28"
P1536,16057,immediate cause of'@en,"0,01",,"98,29"
P8872,15919,has marker'@en,"0,01",,"98,3"
P84,15844,architect'@en,"0,01",,"98,31"
P1891,15644,signatory'@en,"0,01",,"98,32"
P140,15624,religion or worldview'@en,"0,01",,"98,33"
P4101,15618,dissertation submitted to'@en,"0,01",,"98,34"
P915,15578,filming location'@en,"0,01",,"98,35"
P306,15541,operating system'@en,"0,01",,"98,36"
P4150,15324,weather history'@en,"0,01",,"98,37"
P5021,15052,assessment'@en,"0,01",,"98,38"
P149,15012,architectural style'@en,"0,01",,"98,39"
P1831,14874,electorate'@en,"0,01",,"98,4"
P1056,14817,product or material produced'@en,"0,01",,"98,41"
P2048,14801,height'@en,"0,01",,"98,42"
P159,14722,headquarters location'@en,"0,01",,"98,43"
P2670,14692,has part(s) of the class'@en,"0,01",,"98,44"
P1547,14646,depends on software'@en,"0,01",,"98,45"
P206,14568,located in or next to body of water'@en,"0,01",,"98,46"
P6344,14471,rural population'@en,"0,01",,"98,47"
P912,14309,has facility'@en,"0,01",,"98,48"
P155,13973,follows'@en,"0,01",,"98,49"
P1142,13865,political ideology'@en,"0,01",,"98,5"
P749,13700,parent organization'@en,"0,01",,"98,51"
P1559,13526,name in native language'@en,"0,01",,"98,52"
P156,13404,followed by'@en,"0,01",,"98,53"
P2962,13232,title of chess person'@en,"0,01",,"98,54"
P2416,12996,sports discipline competed in'@en,"0,01",,"98,55"
P2522,12763,victory'@en,"0,01",,"98,56"
P1308,12702,officeholder'@en,"0,01",,"98,57"
P1325,12624,external data available at'@en,"0,01",,"98,58"
P241,12541,military branch'@en,"0,01",,"98,59"
P98,12375,editor'@en,"0,01",,"98,6"
P196,12181,minor planet group'@en,"0,01",,"98,61"
P2341,12153,indigenous to'@en,"0,01",,"98,62"
P1031,12063,legal citation of this text'@en,"0,01",,"98,63"
P8843,12057,poverty incidence'@en,"0,01",,"98,64"
P2632,12028,place of detention'@en,"0,01",,"98,65"
P737,12027,influenced by'@en,"0,01",,"98,66"
P676,12006,lyrics by'@en,"0,01",,"98,67"
P286,11889,head coach'@en,"0,01",,"98,68"
P466,11739,occupant'@en,"0,01",,"98,69"
P664,11678,organizer'@en,"0,01",,"98,7"
P371,11424,presenter'@en,"0,01",,"98,71"
P5030,11287,talk show guest'@en,"0,01",,"98,72"
P991,11262,successful candidate'@en,"0,01",,"98,73"
P176,11260,manufacturer'@en,"0,01",,"98,74"
P97,11249,noble title'@en,"0,01",,"98,75"
P4969,11220,derivative work'@en,"0,01",,"98,76"
P37,11052,official language'@en,"0,01",,"98,77"
P9493,11002,artist files at'@en,"0,01",,"98,78"
P608,10992,exhibition history'@en,"0,01",,"98,79"
P3497,10983,teams classification by time'@en,"0,01",,"98,8"
P344,10795,director of photography'@en,"0,01",,"98,81"
P2354,10621,has list'@en,"0,01",,"98,82"
P2049,10589,width'@en,"0,01",,"98,83"
P16,10539,transport network'@en,"0,01",,"98,84"
P4320,10463,mountains classification'@en,"0,01",,"98,85"
P780,10362,symptoms and signs'@en,"0,01",,"98,86"
P2440,10249,transliteration'@en,"0,01",,"98,87"
P1684,9791,inscription'@en,"0,01",,"98,88"
P3643,9785,significant environmental impact'@en,"0,01",,"98,89"
P3342,9760,significant person'@en,"0,01",,"98,9"
P1382,9728,partially coincident with'@en,"0,01",,"98,91"
P370,9712,Sandbox-String'@en,"0,01",,"98,92"
P1594,9662,judge'@en,"0,01",,"98,93"
P541,9618,office contested'@en,"0,01",,"98,94"
P154,9598,logo image'@en,"0,01",,"98,95"
P2131,9438,nominal GDP'@en,"0,01",,"98,96"
P121,9389,item operated'@en,"0,01",,"98,97"
P4323,9365,young rider classification'@en,"0,01",,"98,98"
P2043,9345,length'@en,"0,01",,"98,99"
P2132,9306,nominal GDP per capita'@en,"0,01",,99
P443,9242,pronunciation audio'@en,"0,01",,"99,01"
P8093,9185,donations'@en,"0,01",,"99,02"
P360,9171,is a list of'@en,"0,01",,"99,03"
P457,9153,foundational text'@en,"0,01",,"99,04"
P242,9075,locator map image'@en,"0,01",,"99,05"
P2067,8954,mass'@en,"0,01",,"99,06"
P1454,8843,legal form'@en,"0,01",,"99,07"
P200,8813,inflows'@en,"0,01",,"99,08"
P1104,8454,number of pages'@en,"0,01",,"99,09"
P4945,8265,download link'@en,"0,01",,"99,1"
P1072,8099,readable file format'@en,"0,01",,"99,11"
P296,8082,station code'@en,"0,01",,"99,12"
P126,8050,maintained by'@en,"0,01",,"99,13"
P129,8017,physically interacts with'@en,"0,01",,"99,14"
P1990,8005,species kept'@en,"0,01",,"99,15"
P1132,7828,number of participants'@en,"0,01",,"99,16"
P585,7815,point in time'@en,"0,01",,"99,17"
P291,7801,place of publication'@en,"0,01",,"99,18"
P2134,7676,total reserves'@en,"0,01",,"99,19"
P1449,7603,nickname'@en,"0,01",,"99,2"
P1081,7543,Human Development Index'@en,"0,01",,"99,21"
P910,7443,topic\'s main category'@en,"0,01",,"99,22"
P223,7254,galaxy morphological type'@en,"0,01",,"99,23"
P547,7223,commemorates'@en,"0,01",,"99,24"
P2283,7195,uses'@en,"0,01",,"99,25"
P4330,7137,contains'@en,"0,01",,"99,26"
P282,7126,writing system'@en,"0,01",,"99,27"
P1420,7116,taxon synonym'@en,"0,01",,"99,28"
P692,7106,Gene Atlas Image'@en,"0,01",,"99,29"
P135,7096,movement'@en,"0,01",,"99,3"
P183,7079,endemic to'@en,"0,01",,"99,31"
P4776,7038,MAC Address Block Large ID'@en,"0,01",,"99,32"
P530,6995,diplomatic relation'@en,"0,01",,"99,33"
P1037,6985,director / manager'@en,"0,01",,"99,34"
P473,6739,local dialing code'@en,"0,01",,"99,35"
P3424,6736,Polish cultural heritage register number'@en,"0,01",,"99,36"
P6886,6728,writing language'@en,"0,01",,"99,37"
P2614,6703,World Heritage criteria'@en,"0,01",,"99,38"
P2176,6539,drug or therapy used for treatment'@en,0,,"99,38"
P8011,6517,number of medical tests'@en,0,,"99,38"
P449,6512,original broadcaster'@en,0,,"99,38"
P2196,6491,students count'@en,0,,"99,38"
P2541,6424,operating area'@en,0,,"99,38"
P7937,6343,form of creative work'@en,0,,"99,38"
P2293,6321,genetic association'@en,0,,"99,38"
P1071,6114,location of creation'@en,0,,"99,38"
P1329,6108,phone number'@en,0,,"99,38"
P7782,6024,category for ship name'@en,0,,"99,38"
P479,6021,input method'@en,0,,"99,38"
P2175,6017,medical condition treated'@en,0,,"99,38"
P2650,5996,interested in'@en,0,,"99,38"
P144,5994,based on'@en,0,,"99,38"
P6569,5934,taxon especially protected in area'@en,0,,"99,38"
P2975,5927,host'@en,0,,"99,38"
P2563,5878,superhuman feature or ability'@en,0,,"99,38"
P1110,5813,attendance'@en,0,,"99,38"
P1457,5768,absolute magnitude'@en,0,,"99,38"
P373,5748,Commons category'@en,0,,"99,38"
P485,5729,archives at'@en,0,,"99,38"
P2348,5699,time period'@en,0,,"99,38"
P1279,5587,inflation rate'@en,0,,"99,38"
P580,5505,start time'@en,0,,"99,38"
P178,5352,developer'@en,0,,"99,38"
P598,5306,commander of (DEPRECATED)'@en,0,,"99,38"
P2299,5255,PPP GDP per capita'@en,0,,"99,38"
P1040,5243,film editor'@en,0,,"99,38"
P1257,5240,depicts Iconclass notation'@en,0,,"99,38"
P4010,5223,GDP (PPP)'@en,0,,"99,38"
P4224,5126,category contains'@en,0,,"99,38"
P4296,5066,stellar rotational velocity'@en,0,,"99,38"
P6087,5064,coach of sports team'@en,0,,"99,38"
P3321,5045,male form of label'@en,0,,"99,38"
P1327,4970,partner in business or sport'@en,0,,"99,38"
P1685,4911,Pokédex / Pokémon browser number'@en,0,,"99,38"
P3880,4902,Caverphone'@en,0,,"99,38"
P2635,4877,number of parts of this work'@en,0,,"99,38"
P1389,4875,product certification'@en,0,,"99,38"
P825,4866,dedicated to'@en,0,,"99,38"
P22,4825,father'@en,0,,"99,38"
P1410,4748,number of seats in legislature'@en,0,,"99,38"
P3092,4719,film crew member'@en,0,,"99,38"
P1317,4580,floruit'@en,0,,"99,38"
P1445,4553,fictional universe described in'@en,0,,"99,38"
P2094,4530,competition class'@en,0,,"99,38"
P816,4524,decays to'@en,0,,"99,38"
P870,4523,instrumentation'@en,0,,"99,38"
P395,4518,licence plate code'@en,0,,"99,38"
P706,4463,located in/on physical feature'@en,0,,"99,38"
P529,4425,runway'@en,0,,"99,38"
P119,4367,place of burial'@en,0,,"99,38"
P945,4347,allegiance'@en,0,,"99,38"
P3179,4317,territory overlaps'@en,0,,"99,38"
P2802,4290,fleet or registration number'@en,0,,"99,38"
P2559,4229,Wikidata usage instructions'@en,0,,"99,38"
P5519,4225,Cangjie input'@en,0,,"99,38"
P582,4141,end time'@en,0,,"99,38"
P487,4107,Unicode character'@en,0,,"99,38"
P2386,4095,diameter'@en,0,,"99,38"
P398,4071,child astronomical body'@en,0,,"99,38"
P451,4025,unmarried partner'@en,0,,"99,38"
P2403,3977,total assets'@en,0,,"99,38"
P3320,3970,board member'@en,0,,"99,38"
P1324,3956,source code repository'@en,0,,"99,38"
P2047,3923,duration'@en,0,,"99,38"
P275,3885,copyright license'@en,0,,"99,38"
P520,3857,armament'@en,0,,"99,38"
P509,3829,cause of death'@en,0,,"99,38"
P1535,3828,used by'@en,0,,"99,38"
P2817,3807,appears in the heritage monument list'@en,0,,"99,38"
P277,3802,programming language'@en,0,,"99,38"
P6942,3785,animator'@en,0,,"99,38"
P7235,3773,in defining formula'@en,0,,"99,38"
P1073,3736,writable file format'@en,0,,"99,38"
P2250,3728,life expectancy'@en,0,,"99,38"
P823,3720,speaker'@en,0,,"99,38"
P1302,3716,primary destinations'@en,0,,"99,38"
P10032,3683,Museu da Pessoa History'@en,0,,"99,38"
P53,3666,family'@en,0,,"99,38"
P1299,3605,depicted by'@en,0,,"99,38"
P1431,3582,executive producer'@en,0,,"99,38"
P689,3561,afflicts'@en,0,,"99,38"
P103,3553,native language'@en,0,,"99,38"
P6709,3493,Løøv classification'@en,0,,"99,38"
P189,3309,location of discovery'@en,0,,"99,38"
P2295,3296,net profit'@en,0,,"99,38"
P4841,3232,total fertility rate'@en,0,,"99,38"
P629,3215,edition or translation of'@en,0,,"99,38"
P1350,3206,number of matches played/races/starts'@en,0,,"99,38"
P1995,3204,health specialty'@en,0,,"99,38"
P6275,3204,copyright representative'@en,0,,"99,38"
P3018,3172,located in protected area'@en,0,,"99,38"
P3032,3141,adjacent building'@en,0,,"99,38"
P2754,3137,production date'@en,0,,"99,38"
P1195,3106,file extension'@en,0,,"99,38"
P4608,3081,scenographer'@en,0,,"99,38"
P36,3053,capital'@en,0,,"99,38"
P803,3024,professorship'@en,0,,"99,38"
P6125,3022,number of volunteers'@en,0,,"99,38"
P968,2978,email address'@en,0,,"99,38"
P2572,2972,hashtag'@en,0,,"99,38"
P1680,2947,subtitle'@en,0,,"99,38"
P1875,2869,represented by'@en,0,,"99,38"
P417,2823,patron saint'@en,0,,"99,38"
P636,2817,route of administration'@en,0,,"99,38"
P2239,2804,first aid measures'@en,0,,"99,38"
P3025,2727,open days'@en,0,,"99,38"
P8411,2711,set in environment'@en,0,,"99,38"
P3301,2707,broadcast by'@en,0,,"99,38"
P1268,2703,represents'@en,0,,"99,38"
P2882,2699,relegated'@en,0,,"99,38"
P1029,2691,crew member(s)'@en,0,,"99,38"
P1814,2687,name in kana'@en,0,,"99,38"
P301,2687,category\'s main topic'@en,0,,"99,38"
P2505,2648,carries'@en,0,,"99,38"
P411,2647,canonization status'@en,0,,"99,38"
P287,2643,designed by'@en,0,,"99,38"
P2894,2639,day of week'@en,0,,"99,38"
P304,2639,page(s)'@en,0,,"99,38"
P6193,2627,ratified by'@en,0,,"99,38"
P1619,2620,date of official opening'@en,0,,"99,38"
P2137,2610,total equity'@en,0,,"99,38"
P6364,2602,official color'@en,0,,"99,38"
P92,2596,main regulatory text'@en,0,,"99,38"
P1451,2594,motto text'@en,0,,"99,38"
P10290,2588,hotel rating'@en,0,,"99,38"
P1477,2581,birth name'@en,0,,"99,38"
P21,2567,sex or gender'@en,0,,"99,38"
P3362,2551,operating income'@en,0,,"99,38"
P4791,2544,commanded by'@en,0,,"99,38"
P177,2539,crosses'@en,0,,"99,38"
P6802,2536,related image'@en,0,,"99,38"
P412,2432,voice type'@en,0,,"99,38"
P576,2427,"dissolved, abolished or demolished date'@en",0,,"99,38"
P4628,2379,ICTV virus genome composition'@en,0,,"99,38"
P41,2360,flag image'@en,0,,"99,38"
P94,2345,coat of arms image'@en,0,,"99,38"
P2377,2342,MediaWiki hooks used'@en,0,,"99,38"
P5140,2335,coordinates of geographic center'@en,0,,"99,38"
P1399,2319,convicted of'@en,0,,"99,38"
P433,2296,issue'@en,0,,"99,38"
P828,2295,has cause'@en,0,,"99,38"
P3457,2257,case fatality rate'@en,0,,"99,38"
P1542,2234,has effect'@en,0,,"99,38"
P2652,2227,partnership with'@en,0,,"99,38"
P8047,2227,country of registry'@en,0,,"99,38"
P1363,2221,points/goal scored by'@en,0,,"99,38"
P3842,2219,located in present-day administrative territorial entity'@en,0,,"99,38"
P5323,2208,attested in'@en,0,,"99,38"
P1630,2158,formatter URL'@en,0,,"99,38"
P9072,2125,derived from organism type'@en,0,,"99,38"
P2758,2120,CNC film rating (France)'@en,0,,"99,38"
P414,2092,stock exchange'@en,0,,"99,38"
P110,2089,illustrator'@en,0,,"99,38"
P618,2083,source of energy'@en,0,,"99,38"
P115,2049,home venue'@en,0,,"99,38"
P2408,2032,set in period'@en,0,,"99,38"
P2769,2025,budget'@en,0,,"99,38"
P9161,1971,thesis committee member'@en,0,,"99,38"
P741,1962,playing hand'@en,0,,"99,38"
P169,1922,chief executive officer'@en,0,,"99,38"
P2795,1902,directions'@en,0,,"99,38"
P1801,1901,commemorative plaque image'@en,0,,"99,38"
P2573,1896,number of out-of-school children'@en,0,,"99,38"
P6216,1894,copyright status'@en,0,,"99,38"
P931,1883,place served by transport hub'@en,0,,"99,38"
P2929,1862,lighthouse range'@en,0,,"99,38"
P7084,1859,related category'@en,0,,"99,38"
P7047,1850,enemy of'@en,0,,"99,38"
P1692,1819,ICD-9-CM'@en,0,,"99,38"
P769,1812,significant drug interaction'@en,0,,"99,38"
P1442,1810,image of grave'@en,0,,"99,38"
P1080,1799,from narrative universe'@en,0,,"99,38"
P516,1799,powered by'@en,0,,"99,38"
P4873,1796,isoschizomer'@en,0,,"99,38"
P941,1789,inspired by'@en,0,,"99,38"
P4511,1787,vertical depth'@en,0,,"99,38"
P2499,1770,league level above'@en,0,,"99,38"
P1083,1761,maximum capacity'@en,0,,"99,38"
P9047,1760,archaeological site of'@en,0,,"99,38"
P6803,1708,taxon found at location'@en,0,,"99,38"
P881,1702,type of variable star'@en,0,,"99,38"
P2402,1700,total expenditure'@en,0,,"99,38"
P1373,1696,daily patronage'@en,0,,"99,38"
P521,1691,scheduled service destination'@en,0,,"99,38"
P1027,1685,conferred by'@en,0,,"99,38"
P450,1677,astronaut mission'@en,0,,"99,38"
P4552,1672,mountain range'@en,0,,"99,38"
P3922,1658,light sector'@en,0,,"99,38"
P511,1649,honorific prefix'@en,0,,"99,38"
P87,1648,librettist'@en,0,,"99,38"
P2500,1640,league level below'@en,0,,"99,38"
P6872,1627,has written for'@en,0,,"99,38"
P5061,1614,unit symbol'@en,0,,"99,38"
P3780,1611,active ingredient in'@en,0,,"99,38"
P25,1609,mother'@en,0,,"99,38"
P3761,1599,IPv4 routing prefix'@en,0,,"99,38"
P117,1598,chemical structure'@en,0,,"99,38"
P8450,1577,peak bagging classification'@en,0,,"99,38"
P6568,1566,inscription mentions'@en,0,,"99,38"
P611,1565,religious order'@en,0,,"99,38"
P1424,1562,topic\'s main template'@en,0,,"99,38"
P531,1524,diplomatic mission sent'@en,0,,"99,38"
P8049,1509,number of hospitalized cases'@en,0,,"99,38"
P2579,1508,studied by'@en,0,,"99,38"
P399,1507,companion of'@en,0,,"99,38"
P4322,1496,best sprinter classification'@en,0,,"99,38"
P1531,1492,"parent of this hybrid, breed, or cultivar'@en",0,,"99,38"
P1629,1488,Wikidata item of this property'@en,0,,"99,38"
P1075,1471,rector'@en,0,,"99,38"
P655,1451,translator'@en,0,,"99,38"
P2515,1450,costume designer'@en,0,,"99,38"
P1671,1440,route number'@en,0,,"99,38"
P812,1440,academic major'@en,0,,"99,38"
P3822,1438,rules for classification'@en,0,,"99,38"
P3919,1432,contributed to creative work'@en,0,,"99,38"
P469,1419,lake on river'@en,0,,"99,38"
P575,1403,time of discovery or invention'@en,0,,"99,38"
P3448,1402,stepparent'@en,0,,"99,38"
P1456,1380,list of monuments'@en,0,,"99,38"
P4132,1374,linguistic typology'@en,0,,"99,38"
P879,1356,pennant number'@en,0,,"99,38"
P225,1351,taxon name'@en,0,,"99,38"
P9279,1340,Egapro gender equality index'@en,0,,"99,38"
P2142,1338,box office'@en,0,,"99,38"
P1748,1337,NCI Thesaurus ID'@en,0,,"99,38"
P14,1326,traffic sign'@en,0,,"99,38"
P942,1326,theme music'@en,0,,"99,38"
P2442,1317,conversion to standard unit'@en,0,,"99,38"
P1240,1305,Danish Bibliometric Research Indicator level'@en,0,,"99,38"
P35,1295,head of state'@en,0,,"99,38"
P1030,1293,light characteristic'@en,0,,"99,38"
P2699,1292,URL'@en,0,,"99,38"
P2238,1284,official symbol'@en,0,,"99,38"
P8413,1274,academic appointment'@en,0,,"99,38"
P2360,1267,intended public'@en,0,,"99,38"
P3095,1256,practiced by'@en,0,,"99,38"
P7959,1255,historic county'@en,0,,"99,38"
P425,1252,field of this occupation'@en,0,,"99,38"
P3828,1220,wears'@en,0,,"99,38"
P199,1219,business division'@en,0,,"99,38"
P833,1212,interchange station'@en,0,,"99,38"
P3364,1208,stereoisomer of'@en,0,,"99,38"
P4837,1204,has command line option'@en,0,,"99,38"
P2547,1194,perimeter'@en,0,,"99,38"
P8371,1194,"references work, tradition or theory'@en",0,,"99,38"
P3438,1192,vehicle normally used'@en,0,,"99,38"
P1809,1186,choreographer'@en,0,,"99,38"
P5800,1180,narrative role'@en,0,,"99,38"
P4614,1178,drainage basin'@en,0,,"99,38"
P51,1173,audio'@en,0,,"99,38"
P5286,1171,Portable Game Notation'@en,0,,"99,38"
P1196,1164,manner of death'@en,0,,"99,38"
P1672,1151,this taxon is source of'@en,0,,"99,38"
P2959,1151,permanent duplicated item'@en,0,,"99,38"
P1971,1146,number of children'@en,0,,"99,38"
P1652,1127,referee'@en,0,,"99,38"
P2436,1125,voltage'@en,0,,"99,38"
P1782,1124,courtesy name'@en,0,,"99,38"
P898,1116,IPA transcription'@en,0,,"99,38"
P8476,1113,BTI Governance Index'@en,0,,"99,38"
P1750,1112,name day'@en,0,,"99,38"
P2598,1107,serial number'@en,0,,"99,38"
P3966,1102,programming paradigm'@en,0,,"99,38"
P972,1101,catalog'@en,0,,"99,38"
P8477,1100,BTI Status Index'@en,0,,"99,38"
P1026,1096,academic thesis'@en,0,,"99,38"
P461,1094,opposite of'@en,0,,"99,38"
P3716,1087,social classification'@en,0,,"99,38"
P2284,1083,price'@en,0,,"99,38"
P1595,1080,charge'@en,0,,"99,38"
P5775,1079,image of interior'@en,0,,"99,38"
P1896,1064,source website for the property'@en,0,,"99,38"
P967,1062,guest of honor'@en,0,,"99,38"
P2881,1061,promoted'@en,0,,"99,38"
P393,1058,edition number'@en,0,,"99,38"
P2596,1057,culture'@en,0,,"99,38"
P1787,1056,art-name'@en,0,,"99,38"
P5769,1050,editor-in-chief'@en,0,,"99,38"
P553,1049,website account on'@en,0,,"99,38"
P5555,1046,schematic'@en,0,,"99,38"
P2045,1041,orbital inclination'@en,0,,"99,38"
P10,1037,video'@en,0,,"99,38"
P15,1034,route map'@en,0,,"99,38"
P1754,1034,category related to list'@en,0,,"99,38"
P4777,1026,has boundary'@en,0,,"99,38"
P1290,1023,godparent'@en,0,,"99,38"
P3793,1022,IPv6 routing prefix'@en,0,,"99,38"
P1998,1008,UCI code of cycling team'@en,0,,"99,38"
P1661,1002,Alexa rank'@en,0,,"99,38"
P3158,1001,enclosure'@en,0,,"99,38"
P3496,997,teams classification by points'@en,0,,"99,38"
P3300,994,musical conductor'@en,0,,"99,38"
P2109,989,installed capacity'@en,0,,"99,38"
P2365,989,Roman cognomen'@en,0,,"99,38"
P2578,988,studies'@en,0,,"99,38"
P837,988,day in year for periodic occurrence'@en,0,,"99,38"
P1591,986,defendant'@en,0,,"99,38"
P5026,985,lighting designer'@en,0,,"99,38"
P7779,971,military unit'@en,0,,"99,38"
P5028,947,sound designer'@en,0,,"99,38"
P1064,942,track gauge'@en,0,,"99,38"
P1321,940,place of origin (Switzerland)'@en,0,,"99,38"
P9107,940,number of vaccinations'@en,0,,"99,38"
P88,939,commissioned by'@en,0,,"99,38"
P1191,934,date of first performance'@en,0,,"99,38"
P1877,931,after a work by'@en,0,,"99,38"
P708,931,diocese'@en,0,,"99,38"
P1824,930,road number'@en,0,,"99,38"
P403,926,mouth of the watercourse'@en,0,,"99,38"
P38,918,currency'@en,0,,"99,38"
P3354,907,positive therapeutic predictor'@en,0,,"99,38"
P5202,894,adapted by'@en,0,,"99,38"
P923,887,medical examination'@en,0,,"99,38"
P2101,882,melting point'@en,0,,"99,38"
P10241,881,is an individual of taxon'@en,0,,"99,38"
P1716,878,brand'@en,0,,"99,38"
P3489,876,pregnancy category'@en,0,,"99,38"
P5096,872,member of the crew of'@en,0,,"99,38"
P1868,870,ballots cast'@en,0,,"99,38"
P1640,867,curator'@en,0,,"99,38"
P2144,867,frequency'@en,0,,"99,38"
P4131,864,annual energy output'@en,0,,"99,38"
P2444,858,homoglyph'@en,0,,"99,38"
P1545,852,series ordinal'@en,0,,"99,38"
P4908,835,season'@en,0,,"99,38"
P4876,834,number of records'@en,0,,"99,38"
P1423,830,template has topic'@en,0,,"99,38"
P468,822,dan/kyu rank'@en,0,,"99,38"
P1884,816,hair color'@en,0,,"99,38"
P854,811,reference URL'@en,0,,"99,38"
P8324,809,funder'@en,0,,"99,38"
P1387,796,political alignment'@en,0,,"99,38"
P2389,794,organization directed by the office or position'@en,0,,"99,38"
P5607,790,located in the ecclesiastical territorial entity'@en,0,,"99,38"
P10661,782,exhibited creator'@en,0,,"99,38"
P798,778,military designation'@en,0,,"99,38"
P8966,775,URL match pattern'@en,0,,"99,38"
P7532,769,room number'@en,0,,"99,38"
P930,769,type of electrification'@en,0,,"99,38"
P2359,764,Roman nomen gentilicium'@en,0,,"99,38"
P205,763,basin country'@en,0,,"99,38"
P841,762,feast day'@en,0,,"99,38"
P4044,759,therapeutic area'@en,0,,"99,38"
P1697,757,total valid votes'@en,0,,"99,38"
P1019,755,web feed URL'@en,0,,"99,38"
P2554,752,production designer'@en,0,,"99,38"
P5166,751,established from medical condition'@en,0,,"99,38"
P1312,739,has facet polytope'@en,0,,"99,38"
P5044,734,number of spoilt votes'@en,0,,"99,38"
P6241,733,collection creator'@en,0,,"99,38"
P122,729,basic form of government'@en,0,,"99,38"
P2825,726,via'@en,0,,"99,38"
P4810,721,reads environment variable'@en,0,,"99,38"
P1533,719,family name identical to this given name'@en,0,,"99,38"
P7973,703,quantity symbol (LaTeX)'@en,0,,"99,38"
P2138,700,total liabilities'@en,0,,"99,38"
P6104,700,maintained by WikiProject'@en,0,,"99,38"
P2012,692,cuisine'@en,0,,"99,38"
P532,689,port of registry'@en,0,,"99,38"
P1621,679,detail map'@en,0,,"99,38"
P2388,677,office held by head of the organization'@en,0,,"99,38"
P5869,674,model item'@en,0,,"99,38"
P6086,673,dramaturge'@en,0,,"99,38"
P4324,672,combination classification'@en,0,,"99,38"
P885,666,origin of the watercourse'@en,0,,"99,38"
P4895,660,time index'@en,0,,"99,38"
P3306,659,ICAA rating'@en,0,,"99,38"
P3712,656,objective of project or action'@en,0,,"99,38"
P8138,655,located in the statistical territorial entity'@en,0,,"99,38"
P1482,652,Stack Exchange tag'@en,0,,"99,38"
P579,651,IMA status and/or rank'@en,0,,"99,38"
P8045,651,organized response related to outbreak'@en,0,,"99,38"
P3275,647,storyboard artist'@en,0,,"99,38"
P1581,646,official blog'@en,0,,"99,38"
P1618,645,sport number'@en,0,,"99,38"
P3355,637,negative therapeutic predictor'@en,0,,"99,38"
P113,634,airline hub'@en,0,,"99,38"
P5804,633,has program committee member'@en,0,,"99,38"
P729,633,service entry'@en,0,,"99,38"
P7137,631,acknowledged'@en,0,,"99,38"
P797,631,authority'@en,0,,"99,38"
P2031,629,work period (start)'@en,0,,"99,38"
P7078,627,typing discipline'@en,0,,"99,38"
P2844,625,incidence'@en,0,,"99,38"
P289,624,vessel class'@en,0,,"99,38"
P3975,623,secretary general'@en,0,,"99,38"
P958,623,"section, verse, paragraph, or clause'@en",0,,"99,38"
P740,614,location of formation'@en,0,,"99,38"
P9344,614,has graphical element'@en,0,,"99,38"
P4543,613,has listed ingredient'@en,0,,"99,38"
P2052,607,speed'@en,0,,"99,38"
P642,606,of'@en,0,,"99,38"
P2555,605,fee'@en,0,,"99,38"
P1098,603,"number of speakers, writers, or signers'@en",0,,"99,38"
P7707,592,PlayStation DataCenter URL'@en,0,,"99,38"
P2695,588,type locality (geology)'@en,0,,"99,38"
P814,587,IUCN protected areas category'@en,0,,"99,38"
P736,585,cover art by'@en,0,,"99,38"
P8701,578,has census'@en,0,,"99,38"
P7153,574,significant place'@en,0,,"99,38"
P5460,573,grants'@en,0,,"99,38"
P2562,571,married name'@en,0,,"99,38"
P5982,570,annual number of weddings'@en,0,,"99,38"
P6977,570,review of'@en,0,,"99,38"
P751,570,introduced feature'@en,0,,"99,38"
P8111,570,recommended unit of measurement'@en,0,,"99,38"
P2317,568,call sign'@en,0,,"99,38"
P467,566,legislated by'@en,0,,"99,38"
P5753,566,ideographic description sequences'@en,0,,"99,38"
P832,564,public holiday'@en,0,,"99,38"
P8706,560,ritual object'@en,0,,"99,38"
P1444,558,destination point'@en,0,,"99,38"
P1049,556,worshipped by'@en,0,,"99,38"
P3091,556,mount'@en,0,,"99,38"
P5052,553,supervisory board member'@en,0,,"99,38"
P109,551,signature'@en,0,,"99,38"
P111,545,measured physical quantity'@en,0,,"99,38"
P2852,545,emergency phone number'@en,0,,"99,38"
P739,545,ammunition'@en,0,,"99,38"
P2925,544,domain of saint or deity'@en,0,,"99,38"
P924,544,possible treatment'@en,0,,"99,38"
P1282,539,OpenStreetMap tag or key'@en,0,,"99,38"
P1582,537,natural product of taxon'@en,0,,"99,38"
P1163,536,media type'@en,0,,"99,38"
P5991,527,carbon footprint'@en,0,,"99,38"
P2291,526,charted in'@en,0,,"99,38"
P4934,524,calculated from'@en,0,,"99,38"
P5353,523,school district'@en,0,,"99,38"
P30,517,continent'@en,0,,"99,38"
P193,513,main building contractor'@en,0,,"99,38"
P1065,512,archive URL'@en,0,,"99,38"
P1342,511,number of seats'@en,0,,"99,38"
P533,510,target'@en,0,,"99,38"
P1427,503,start point'@en,0,,"99,38"
P807,502,separated from'@en,0,,"99,38"
P3989,501,members have occupation'@en,0,,"99,38"
P1560,500,given name version for other gender'@en,0,,"99,38"
P1709,496,equivalent class'@en,0,,"99,38"
P6509,489,total goals in career'@en,0,,"99,38"
P2240,488,median lethal dose (LD50)'@en,0,,"99,38"
P465,488,sRGB color hex triplet'@en,0,,"99,38"
P1336,487,territory claimed by'@en,0,,"99,38"
P2664,487,units sold'@en,0,,"99,38"
P2853,485,electrical plug type'@en,0,,"99,38"
P8127,480,tournament format'@en,0,,"99,38"
P1113,479,number of episodes'@en,0,,"99,38"
P4441,479,hydraulic head'@en,0,,"99,38"
P3432,478,parent cell line'@en,0,,"99,38"
P478,477,volume'@en,0,,"99,38"
P1455,475,list of works'@en,0,,"99,38"
P3450,470,sports season of league or competition'@en,0,,"99,38"
P406,470,soundtrack release'@en,0,,"99,38"
P3610,467,fare zone'@en,0,,"99,38"
P1867,466,eligible voters'@en,0,,"99,38"
P5025,465,gens'@en,0,,"99,38"
P5880,457,video designer'@en,0,,"99,38"
P1635,456,religious name'@en,0,,"99,38"
P2441,455,literal translation'@en,0,,"99,38"
P8032,454,victim'@en,0,,"99,38"
P8214,451,curriculum vitae'@en,0,,"99,38"
P274,446,chemical formula'@en,0,,"99,38"
P2404,444,time-weighted average exposure limit'@en,0,,"99,38"
P7984,439,depicted format'@en,0,,"99,38"
P2974,437,habitat'@en,0,,"99,38"
P6885,437,historical region'@en,0,,"99,38"
P7936,435,business model'@en,0,,"99,38"
P2534,432,defining formula'@en,0,,"99,38"
P1092,431,total produced'@en,0,,"99,38"
P8289,429,parish church'@en,0,,"99,38"
P6553,428,personal pronoun'@en,0,,"99,38"
P426,426,aircraft registration'@en,0,,"99,38"
P1628,422,equivalent property'@en,0,,"99,38"
P3303,422,third-party formatter URL'@en,0,,"99,38"
P1951,417,investor'@en,0,,"99,38"
P2935,413,connector'@en,0,,"99,38"
P10254,412,associated cadastral district'@en,0,,"99,38"
P2262,411,draft'@en,0,,"99,38"
P3085,411,qualifies for event'@en,0,,"99,38"
P4151,410,game mechanics'@en,0,,"99,38"
P2910,408,icon'@en,0,,"99,38"
P6108,406,IIIF manifest'@en,0,,"99,38"
P2415,405,personal best'@en,0,,"99,38"
P8328,402,Democracy Index'@en,0,,"99,38"
P4863,400,recognition sequence'@en,0,,"99,38"
P2438,399,narrator'@en,0,,"99,38"
P1479,398,has contributing factor'@en,0,,"99,38"
P1605,396,has natural reservoir'@en,0,,"99,38"
P6507,394,taxon author citation'@en,0,,"99,38"
P2989,387,has grammatical case'@en,0,,"99,38"
P3173,382,offers view on'@en,0,,"99,38"
P8570,380,front and back matter'@en,0,,"99,38"
P3075,379,official religion'@en,0,,"99,38"
P2791,377,power consumed'@en,0,,"99,38"
P4100,370,parliamentary group'@en,0,,"99,38"
P2922,367,month of the year'@en,0,,"99,38"
P756,365,removed feature'@en,0,,"99,38"
P8670,365,character designer'@en,0,,"99,38"
P2913,364,date depicted'@en,0,,"99,38"
P181,354,taxon range map image'@en,0,,"99,38"
P989,353,spoken text audio'@en,0,,"99,38"
P2660,351,topographic prominence'@en,0,,"99,38"
P1766,349,place name sign'@en,0,,"99,38"
P4915,349,isocaudomer'@en,0,,"99,38"
P2896,347,publication interval'@en,0,,"99,38"
P408,345,software engine'@en,0,,"99,38"
P4184,345,slope'@en,0,,"99,38"
P2548,344,strand orientation'@en,0,,"99,38"
P3575,344,data size'@en,0,,"99,38"
P3730,344,next higher rank'@en,0,,"99,38"
P1103,342,number of platform tracks'@en,0,,"99,38"
P6962,342,narrative motif'@en,0,,"99,38"
P1414,341,GUI toolkit or framework'@en,0,,"99,38"
P3729,341,next lower rank'@en,0,,"99,38"
P963,336,streaming media URL'@en,0,,"99,38"
P237,335,coat of arms'@en,0,,"99,38"
P3999,335,date of official closure'@en,0,,"99,38"
P6251,334,catchphrase'@en,0,,"99,38"
P1340,332,eye color'@en,0,,"99,38"
P1462,328,standards body'@en,0,,"99,38"
P9071,328,character type'@en,0,,"99,38"
P2146,325,orbital period'@en,0,,"99,38"
P5817,324,state of use'@en,0,,"99,38"
P8989,323,category for the view of the item'@en,0,,"99,38"
P4856,319,conscription number'@en,0,,"99,38"
P8031,319,perpetrator'@en,0,,"99,38"
P2797,317,sound power level'@en,0,,"99,38"
P9215,316,set during recurring event'@en,0,,"99,38"
P4428,313,implementation of'@en,0,,"99,38"
P504,313,home port'@en,0,,"99,38"
P8934,312,mailing list archive'@en,0,,"99,38"
P927,312,anatomical location'@en,0,,"99,38"
P1057,310,chromosome'@en,0,,"99,38"
P3174,310,art director'@en,0,,"99,38"
P3279,310,statistical leader'@en,0,,"99,38"
P1181,307,numeric value'@en,0,,"99,38"
P2978,303,wheel arrangement'@en,0,,"99,38"
P1198,302,unemployment rate'@en,0,,"99,38"
P2145,301,explosive energy equivalent'@en,0,,"99,38"
P2078,299,user manual URL'@en,0,,"99,38"
P3931,299,copyright holder'@en,0,,"99,38"
P6112,299,category for members of a team'@en,0,,"99,38"
P1713,298,biography at the Bundestag of Germany URL'@en,0,,"99,38"
P790,298,approved by'@en,0,,"99,38"
P105,297,taxon rank'@en,0,,"99,38"
P6801,297,number of hospital beds'@en,0,,"99,38"
P233,296,canonical SMILES'@en,0,,"99,38"
P3864,295,suicide rate'@en,0,,"99,38"
P9601,292,official map URL'@en,0,,"99,38"
P2275,291,World Health Organisation  international non-proprietary name'@en,0,,"99,38"
P2425,290,service ribbon image'@en,0,,"99,38"
P2114,288,half-life'@en,0,,"99,38"
P5778,286,Cooperative Patent Classification code'@en,0,,"99,38"
P4345,285,director of archaeological fieldwork'@en,0,,"99,38"
P2743,284,this zoological name is coordinate with'@en,0,,"99,38"
P1068,283,instruction set'@en,0,,"99,38"
P1592,280,prosecutor'@en,0,,"99,38"
P1957,277,Wikisource index page URL'@en,0,,"99,38"
P1339,276,number of injured'@en,0,,"99,38"
P2806,276,vibration'@en,0,,"99,38"
P2900,273,fax number'@en,0,,"99,38"
P9759,271,bridge number'@en,0,,"99,38"
P8345,270,media franchise'@en,0,,"99,38"
P6902,267,era name'@en,0,,"99,38"
P2928,266,memory capacity'@en,0,,"99,38"
P868,261,foods traditionally associated'@en,0,,"99,38"
P4043,260,emulates'@en,0,,"99,38"
P765,258,surface played on'@en,0,,"99,38"
P1204,257,Wikimedia portal\'s main topic'@en,0,,"99,38"
P483,257,recorded at studio or venue'@en,0,,"99,38"
P1846,256,distribution map'@en,0,,"99,38"
P3262,256,has anatomical branch'@en,0,,"99,38"
P201,253,lake outflow'@en,0,,"99,38"
P2701,253,file format'@en,0,,"99,38"
P4765,253,Commons compatible image available at URL'@en,0,,"99,38"
P2120,251,radius'@en,0,,"99,38"
P415,248,radio format'@en,0,,"99,38"
P613,248,OS grid reference'@en,0,,"99,38"
P2923,247,focal height'@en,0,,"99,38"
P4152,247,file format identification pattern'@en,0,,"99,38"
P1753,246,list related to category'@en,0,,"99,38"
P1876,243,vehicle'@en,0,,"99,38"
P4004,243,escutcheon image'@en,0,,"99,38"
P9788,243,performed at'@en,0,,"99,38"
P1950,242,second family name in Spanish name'@en,0,,"99,38"
P6800,242,sequenced genome URL'@en,0,,"99,38"
P7101,242,privacy policy URL'@en,0,,"99,38"
P2259,241,mobile network code'@en,0,,"99,38"
P2512,241,series spin-off'@en,0,,"99,38"
P517,241,interaction'@en,0,,"99,38"
P157,239,killed by'@en,0,,"99,38"
P5192,239,Wikidata property example for lexemes'@en,0,,"99,38"
P2813,237,house publication'@en,0,,"99,38"
P4510,235,describes a project that uses'@en,0,,"99,38"
P2218,234,net worth'@en,0,,"99,38"
P4354,233,search formatter URL'@en,0,,"99,38"
P4565,232,electoral district number'@en,0,,"99,38"
P1943,231,location map'@en,0,,"99,38"
P4875,231,neoschizomer'@en,0,,"99,38"
P1093,230,gross tonnage'@en,0,,"99,38"
P2263,230,ISOCAT id'@en,0,,"99,38"
P59,230,constellation'@en,0,,"99,38"
P9376,228,law digest'@en,0,,"99,38"
P1557,227,manifestation of'@en,0,,"99,38"
P5196,227,output method'@en,0,,"99,38"
P1922,226,first line'@en,0,,"99,38"
P3026,226,closed on'@en,0,,"99,38"
P6166,225,quotes work'@en,0,,"99,38"
P3190,223,innervates'@en,0,,"99,38"
P8505,222,traffic sign template image'@en,0,,"99,38"
P8533,222,SMARTS notation'@en,0,,"99,38"
P1574,221,exemplar of'@en,0,,"99,38"
P2032,221,work period (end)'@en,0,,"99,38"
P3113,221,does not have part'@en,0,,"99,38"
P6185,221,tautomer of'@en,0,,"99,38"
P1596,217,penalty'@en,0,,"99,38"
P8359,217,Dewey Decimal Classification (works and editions)'@en,0,,"99,38"
P880,217,CPU'@en,0,,"99,38"
P4970,216,alternative name'@en,0,,"99,38"
P4220,215,order of battle'@en,0,,"99,38"
P1408,214,licensed to broadcast to'@en,0,,"99,38"
P834,214,train depot'@en,0,,"99,38"
P3970,213,channel number'@en,0,,"99,38"
P4321,212,best combative classification'@en,0,,"99,38"
P8839,212,hairstyle'@en,0,,"99,38"
P7080,211,specific absorption rate'@en,0,,"99,38"
P3015,210,backup or reserve team or crew'@en,0,,"99,38"
P1313,205,office held by head of government'@en,0,,"99,38"
P1840,202,investigated by'@en,0,,"99,38"
P3383,202,film poster'@en,0,,"99,38"
P2550,200,recording or performance of'@en,0,,"99,38"
P3559,200,maximum size or capacity'@en,0,,"99,38"
P85,200,anthem'@en,0,,"99,38"
P10150,199,iTunes genre'@en,0,,"99,38"
P1249,199,time of earliest written record'@en,0,,"99,38"
P4896,199,3D model'@en,0,,"99,38"
P2184,198,history of topic'@en,0,,"99,38"
P2226,198,market capitalization'@en,0,,"99,38"
P3985,198,supports programming language'@en,0,,"99,38"
P2102,197,boiling point'@en,0,,"99,38"
P4647,196,location of first performance'@en,0,,"99,38"
P158,195,seal image'@en,0,,"99,38"
P9652,195,personality trait of fictional character'@en,0,,"99,38"
P1593,194,defender'@en,0,,"99,38"
P2957,194,throughput'@en,0,,"99,38"
P5940,193,plot expanded in'@en,0,,"99,38"
P91,193,sexual orientation'@en,0,,"99,38"
P2300,192,minimal lethal dose'@en,0,,"99,38"
P2907,192,UTC timezone offset'@en,0,,"99,38"
P1576,191,lifestyle'@en,0,,"99,38"
P1638,191,working title'@en,0,,"99,38"
P2050,189,wingspan'@en,0,,"99,38"
P1000,187,record held'@en,0,,"99,38"
P4442,187,mean age'@en,0,,"99,38"
P1786,186,posthumous name'@en,0,,"99,38"
P1060,184,disease transmission process'@en,0,,"99,38"
P1401,184,bug tracking system'@en,0,,"99,38"
P2848,184,Wi-Fi access'@en,0,,"99,38"
P4805,183,make-up artist'@en,0,,"99,38"
P2679,181,author of foreword'@en,0,,"99,38"
P2017,180,isomeric SMILES'@en,0,,"99,38"
P2121,179,prize money'@en,0,,"99,38"
P3310,179,muscle action'@en,0,,"99,38"
P3744,179,number of subscribers'@en,0,,"99,38"
P9597,178,type of lens'@en,0,,"99,38"
P5422,177,has pattern'@en,0,,"99,38"
P5524,177,horizontal depth'@en,0,,"99,38"
P263,176,official residence'@en,0,,"99,38"
P1202,174,carries scientific instrument'@en,0,,"99,38"
P6758,174,supported sports team'@en,0,,"99,38"
P210,172,party chief representative'@en,0,,"99,38"
P2358,172,Roman praenomen'@en,0,,"99,38"
P4185,172,iconographic symbol'@en,0,,"99,38"
P826,171,tonality'@en,0,,"99,38"
P8308,171,has column'@en,0,,"99,38"
P690,169,space group'@en,0,,"99,38"
P2054,168,density'@en,0,,"99,38"
P1121,167,oxidation state'@en,0,,"99,38"
P7081,166,quotation or excerpt'@en,0,,"99,38"
P730,166,service retirement'@en,0,,"99,38"
P1613,165,IRC channel'@en,0,,"99,38"
P5816,165,state of conservation'@en,0,,"99,38"
P505,164,general manager'@en,0,,"99,38"
P66,164,ancestral home'@en,0,,"99,38"
P8956,164,compatible with'@en,0,,"99,38"
P1881,162,list of characters'@en,0,,"99,38"
P2895,162,maximum sustained winds'@en,0,,"99,38"
P7383,162,name in hiero markup'@en,0,,"99,38"
P792,162,chapter'@en,0,,"99,38"
P8517,162,view'@en,0,,"99,38"
P1034,161,main food source'@en,0,,"99,38"
P2151,161,focal length'@en,0,,"99,38"
P2233,159,semi-major axis of an orbit'@en,0,,"99,38"
P2437,159,number of seasons'@en,0,,"99,38"
P3228,158,Schläfli symbol'@en,0,,"99,38"
P4675,157,appears in the form of'@en,0,,"99,38"
P9969,157,catalogue raisonné'@en,0,,"99,38"
P2700,156,protocol'@en,0,,"99,38"
P4291,156,panoramic view'@en,0,,"99,38"
P5205,156,stroke count'@en,0,,"99,38"
P631,156,structural engineer'@en,0,,"99,38"
P4622,155,trophy awarded'@en,0,,"99,38"
P2225,154,discharge'@en,0,,"99,38"
P2770,154,source of income'@en,0,,"99,38"
P5523,154,fanqie'@en,0,,"99,38"
P3461,151,designated as terrorist by'@en,0,,"99,38"
P1434,150,takes place in fictional universe'@en,0,,"99,38"
P7863,150,aperture'@en,0,,"99,38"
P1101,149,floors above ground'@en,0,,"99,38"
P1419,149,shape'@en,0,,"99,38"
P4792,149,dam'@en,0,,"99,38"
P5072,149,presented in'@en,0,,"99,38"
P2261,148,beam'@en,0,,"99,38"
P4519,148,payload mass'@en,0,,"99,38"
P1810,147,subject named as'@en,0,,"99,38"
P6753,147,number of polling stations'@en,0,,"99,38"
P2009,145,Exif model'@en,0,,"99,38"
P3082,145,destroyed'@en,0,,"99,38"
P9302,145,script style'@en,0,,"99,38"
P4998,144,key press'@en,0,,"99,38"
P8592,144,aerial view'@en,0,,"99,38"
P2073,143,vehicle range'@en,0,,"99,38"
P6249,143,narrative age'@en,0,,"99,38"
P207,142,bathymetry image'@en,0,,"99,38"
P2610,142,thickness'@en,0,,"99,38"
P6269,142,API endpoint'@en,0,,"99,38"
P634,142,captain'@en,0,,"99,38"
P3103,141,has tense'@en,0,,"99,38"
P5004,141,in opposition to'@en,0,,"99,38"
P8224,141,molecular model or crystal lattice model'@en,0,,"99,38"
P552,139,handedness'@en,0,,"99,38"
P2872,138,visitor centre'@en,0,,"99,38"
P6685,137,Wikidata property example for media'@en,0,,"99,38"
P7763,137,copyright status as a creator'@en,0,,"99,38"
P1158,134,location of landing'@en,0,,"99,38"
P3189,133,innervated by'@en,0,,"99,38"
P8001,133,endorsed by'@en,0,,"99,38"
P2234,132,volume as quantity'@en,0,,"99,38"
P5715,132,Academia.edu profile URL'@en,0,,"99,38"
P8368,132,number of branches'@en,0,,"99,38"
P2053,130,watershed area'@en,0,,"99,38"
P2663,130,common equity tier 1 capital ratio (CETI)'@en,0,,"99,38"
P3721,130,public key fingerprint'@en,0,,"99,38"
P4952,130,safety classification and labelling'@en,0,,"99,38"
P878,130,avionics'@en,0,,"99,38"
P2869,129,record or record progression'@en,0,,"99,38"
P4032,129,reviewed by'@en,0,,"99,38"
P2453,128,nominee'@en,0,,"99,38"
P5109,128,has grammatical gender'@en,0,,"99,38"
P542,127,officially opened by'@en,0,,"99,38"
P7150,127,epigraph'@en,0,,"99,38"
P9192,127,sensors'@en,0,,"99,38"
P1429,126,has pet'@en,0,,"99,38"
P3777,125,antisense inhibitor of'@en,0,,"99,38"
P2919,124,label in sign language'@en,0,,"99,38"
P3086,124,speed limit'@en,0,,"99,38"
P2378,123,issued by'@en,0,,"99,38"
P2407,123,short-term exposure limit'@en,0,,"99,38"
P2737,122,union of'@en,0,,"99,38"
P8546,122,recording location'@en,0,,"99,38"
P3311,121,image of design plans'@en,0,,"99,38"
P2061,119,aspect ratio (W:H)'@en,0,,"99,38"
P2130,119,cost'@en,0,,"99,38"
P2257,119,event interval'@en,0,,"99,38"
P3359,119,negative prognostic predictor'@en,0,,"99,38"
P9714,119,taxon range'@en,0,,"99,38"
P8329,118,principal investigator'@en,0,,"99,38"
P9793,118,setlist'@en,0,,"99,38"
P3259,117,intangible cultural heritage status'@en,0,,"99,38"
P7014,116,terms of service URL'@en,0,,"99,38"
P3403,115,coextensive with'@en,0,,"99,38"
P10568,114,maintains linking to'@en,0,,"99,38"
P2937,114,parliamentary term'@en,0,,"99,38"
P1625,113,has melody'@en,0,,"99,38"
P5110,113,has grammatical person'@en,0,,"99,38"
P822,113,mascot'@en,0,,"99,38"
P943,113,programmer'@en,0,,"99,38"
P1999,112,UNESCO language status'@en,0,,"99,38"
P591,112,EC enzyme number'@en,0,,"99,38"
P1987,111,MCN code'@en,0,,"99,38"
P3157,111,event distance'@en,0,,"99,38"
P3451,111,nighttime view'@en,0,,"99,38"
P5042,111,GHS precautionary statement'@en,0,,"99,38"
P7163,111,typically sells'@en,0,,"99,38"
P8768,111,online catalog'@en,0,,"99,38"
P2540,110,Aarne–Thompson–Uther Tale Type Index'@en,0,,"99,38"
P3000,110,marriageable age'@en,0,,"99,38"
P5066,110,operating temperature'@en,0,,"99,38"
P1028,109,donated by'@en,0,,"99,38"
P1537,109,contributing factor of'@en,0,,"99,38"
P3437,109,people or cargo transported'@en,0,,"99,38"
P3460,109,colonel-in-chief'@en,0,,"99,38"
P914,109,USK rating'@en,0,,"99,38"
P1046,108,discovery method'@en,0,,"99,38"
P3039,108,wheelbase'@en,0,,"99,38"
P831,108,parent club'@en,0,,"99,38"
P8933,108,category for the view from the item'@en,0,,"99,38"
P248,107,stated in'@en,0,,"99,38"
P3983,107,sports league level'@en,0,,"99,38"
P8361,106,Universal Decimal Classification (works and editions)'@en,0,,"99,38"
P2684,105,Kijkwijzer rating'@en,0,,"99,38"
P5249,105,sports competition competed at'@en,0,,"99,38"
P5949,104,Unicode range'@en,0,,"99,38"
P624,104,guidance system'@en,0,,"99,38"
P3022,103,flag bearer'@en,0,,"99,38"
P5642,103,risk factor'@en,0,,"99,38"
P872,103,printed by'@en,0,,"99,38"
P8512,102,size comparison diagram'@en,0,,"99,38"
P3896,101,geoshape'@en,0,,"99,38"
P6532,101,has phenotype'@en,0,,"99,38"
P1398,100,structure replaces'@en,0,,"99,38"
P2119,100,vapor pressure'@en,0,,"99,38"
P2587,99,has phoneme'@en,0,,"99,38"
P2667,99,corresponding template'@en,0,,"99,38"
P1880,98,measurement scale'@en,0,,"99,38"
P194,97,legislative body'@en,0,,"99,38"
P2517,97,category for recipients of this award'@en,0,,"99,38"
P5514,97,accredited by'@en,0,,"99,38"
P2244,95,periapsis'@en,0,,"99,38"
P8360,95,Library of Congress Classification (works and editions)'@en,0,,"99,38"
P1359,94,number of points/goals conceded'@en,0,,"99,38"
P1656,94,unveiled by'@en,0,,"99,38"
P2248,94,argument of periapsis'@en,0,,"99,38"
P3161,93,has grammatical mood'@en,0,,"99,38"
P1906,92,office held by head of state'@en,0,,"99,38"
P2325,92,mean anomaly'@en,0,,"99,38"
P358,92,discography'@en,0,,"99,38"
P5012,92,special rank'@en,0,,"99,38"
P1464,91,category for people born here'@en,0,,"99,38"
P3080,91,game artist'@en,0,,"99,38"
P8703,91,entry in abbreviations table'@en,0,,"99,38"
P748,90,appointed by'@en,0,,"99,38"
P1833,89,number of registered users/contributors'@en,0,,"99,38"
P2243,89,apoapsis'@en,0,,"99,38"
P3912,89,newspaper format'@en,0,,"99,38"
P2213,88,longitude of ascending node'@en,0,,"99,38"
P2976,88,patronym or matronym for this name'@en,0,,"99,38"
P5707,88,samples from work'@en,0,,"99,38"
P78,88,top-level Internet domain'@en,0,,"99,38"
P811,88,academic minor'@en,0,,"99,38"
P990,88,audio recording of the subject\'s spoken voice'@en,0,,"99,38"
P2149,87,clock frequency'@en,0,,"99,38"
P5132,87,suggests the existence of'@en,0,,"99,38"
P6543,86,total shots in career'@en,0,,"99,38"
P694,86,replaced synonym (for nom. nov.)'@en,0,,"99,38"
P2838,85,professional name (Japan)'@en,0,,"99,38"
P7160,85,manner of inhumane treatment'@en,0,,"99,38"
P1620,84,plaintiff'@en,0,,"99,38"
P2357,84,Classification of Instructional Programs code'@en,0,,"99,38"
P4000,84,has fruit type'@en,0,,"99,38"
P4640,84,photosphere image'@en,0,,"99,38"
P5059,84,modified version of'@en,0,,"99,38"
P622,84,spacecraft docking/undocking date'@en,0,,"99,38"
P1035,83,honorific suffix'@en,0,,"99,38"
P2899,83,minimum age'@en,0,,"99,38"
P2979,83,maritime identification digits'@en,0,,"99,38"
P4900,83,broader concept'@en,0,,"99,38"
P770,83,cause of destruction'@en,0,,"99,38"
P1588,82,Statistics Indonesia area code'@en,0,,"99,38"
P167,81,structure replaced by'@en,0,,"99,38"
P4329,81,template or module that populates category'@en,0,,"99,38"
P1402,80,Foundational Model of Anatomy ID'@en,0,,"99,38"
P1792,80,category of associated people'@en,0,,"99,38"
P647,80,drafted by'@en,0,,"99,38"
P7888,80,merged into'@en,0,,"99,38"
P789,80,edibility'@en,0,,"99,38"
P2849,79,produced by'@en,0,,"99,38"
P5023,79,activity policy in this place'@en,0,,"99,38"
P65,79,site of astronomical discovery'@en,0,,"99,38"
P7213,79,newspaper archive URL'@en,0,,"99,38"
P567,78,underlies'@en,0,,"99,38"
P805,78,statement is subject of'@en,0,,"99,38"
P568,77,overlies'@en,0,,"99,38"
P5826,77,majority opinion by'@en,0,,"99,38"
P6544,77,total points in career'@en,0,,"99,38"
P908,77,PEGI rating'@en,0,,"99,38"
P2713,76,sectional view'@en,0,,"99,38"
P2739,76,typeface/font used'@en,0,,"99,38"
P4967,76,prerequisite'@en,0,,"99,38"
P2286,75,arterial supply'@en,0,,"99,38"
P2927,75,water as percent of area'@en,0,,"99,38"
P424,75,Wikimedia language code'@en,0,,"99,38"
P8733,75,number of rooms'@en,0,,"99,38"
P1885,74,cathedral'@en,0,,"99,38"
P2155,74,solid solution series with'@en,0,,"99,38"
P2661,74,target interest rate'@en,0,,"99,38"
P2716,74,collage image'@en,0,,"99,38"
P612,74,mother house'@en,0,,"99,38"
P6547,74,career plus-minus rating'@en,0,,"99,38"
P8206,74,Gazette of India notification'@en,0,,"99,38"
P948,74,page banner'@en,0,,"99,38"
P2177,73,solubility'@en,0,,"99,38"
P2324,73,quantity buried'@en,0,,"99,38"
P4238,73,webcam page URL'@en,0,,"99,38"
P522,73,type of orbit'@en,0,,"99,38"
P720,72,asteroid spectral type'@en,0,,"99,38"
P9600,72,oral history at'@en,0,,"99,38"
P2575,71,measures'@en,0,,"99,38"
P2827,71,flower color'@en,0,,"99,38"
P5126,71,assistant director'@en,0,,"99,38"
P8682,71,number of negative votes'@en,0,,"99,38"
P8876,71,number of taxpayers'@en,0,,"99,38"
P10135,70,recording date'@en,0,,"99,38"
P1981,70,FSK film rating'@en,0,,"99,38"
P2076,70,temperature'@en,0,,"99,38"
P2665,70,alcohol by volume'@en,0,,"99,38"
P6477,70,does not have quality'@en,0,,"99,38"
P6856,70,average speed'@en,0,,"99,38"
P913,70,notation'@en,0,,"99,38"
P1793,69,format as a regular expression'@en,0,,"99,38"
P1911,69,increased expression in'@en,0,,"99,38"
P1731,68,Fach'@en,0,,"99,38"
P2236,68,external subproperty'@en,0,,"99,38"
P3858,68,route diagram'@en,0,,"99,38"
P6500,68,non-free artwork image URL'@en,0,,"99,38"
P8683,67,number of support votes'@en,0,,"99,38"
P1193,66,prevalence'@en,0,,"99,38"
P1641,66,port'@en,0,,"99,38"
P239,66,ICAO airport code'@en,0,,"99,38"
P2846,66,wheelchair accessibility'@en,0,,"99,38"
P561,66,NATO reporting name'@en,0,,"99,38"
P1018,65,language regulatory body'@en,0,,"99,38"
P1406,65,script directionality'@en,0,,"99,38"
P2128,65,flash point'@en,0,,"99,38"
P3618,65,base salary'@en,0,,"99,38"
P6546,65,penalty minutes in career'@en,0,,"99,38"
P10038,64,Conway polyhedron notation'@en,0,,"99,38"
P3781,64,has active ingredient'@en,0,,"99,38"
P4584,64,first appearance'@en,0,,"99,38"
P518,64,applies to part'@en,0,,"99,38"
P852,64,ESRB rating'@en,0,,"99,38"
P6794,63,minimum wage'@en,0,,"99,38"
P835,63,author citation (zoology)'@en,0,,"99,38"
P9059,63,subdivision of this unit'@en,0,,"99,38"
P5278,62,gender inflection of surname'@en,0,,"99,38"
P1137,61,fossil found in this unit'@en,0,,"99,38"
P229,61,IATA airline designator'@en,0,,"99,38"
P5065,61,wind speed'@en,0,,"99,38"
P5998,61,distributary'@en,0,,"99,38"
P784,61,mushroom cap shape'@en,0,,"99,38"
P9191,61,letterer'@en,0,,"99,38"
P1873,60,maximum number of players'@en,0,,"99,38"
P3902,60,had as last meal'@en,0,,"99,38"
P606,60,first flight'@en,0,,"99,38"
P6427,60,trading name'@en,0,,"99,38"
P8597,60,axle track'@en,0,,"99,38"
P3254,59,property proposal discussion'@en,0,,"99,38"
P1002,58,engine configuration'@en,0,,"99,38"
P1924,58,vaccine for'@en,0,,"99,38"
P3081,58,damaged'@en,0,,"99,38"
P3132,58,last line'@en,0,,"99,38"
P4602,58,date of burial or cremation'@en,0,,"99,38"
P5167,58,vehicles per thousand people'@en,0,,"99,38"
P543,58,oath made by'@en,0,,"99,38"
P2634,57,model'@en,0,,"99,38"
P3033,57,package management system'@en,0,,"99,38"
P4092,57,checksum'@en,0,,"99,38"
P6291,57,advertises'@en,0,,"99,38"
P10606,56,notable role'@en,0,,"99,38"
P163,56,flag'@en,0,,"99,38"
P2051,56,M sin i'@en,0,,"99,38"
P5832,56,political coalition'@en,0,,"99,38"
P4250,55,defined daily dose'@en,0,,"99,38"
P5282,55,ground level 360 degree view'@en,0,,"99,38"
P5897,55,account charge / subscription fee'@en,0,,"99,38"
P1318,54,proved by'@en,0,,"99,38"
P1654,54,wing configuration'@en,0,,"99,38"
P1686,54,for work'@en,0,,"99,38"
P2556,54,bore'@en,0,,"99,38"
P2673,54,next crossing upstream'@en,0,,"99,38"
P3156,54,Australian Classification'@en,0,,"99,38"
P4387,54,update method'@en,0,,"99,38"
P4634,54,premiere type'@en,0,,"99,38"
P5436,54,number of viewers'@en,0,,"99,38"
P8766,54,rank insignia'@en,0,,"99,38"
P9214,54,FAQ URL'@en,0,,"99,38"
P1450,53,Sandbox-Monolingual text'@en,0,,"99,38"
P1817,53,addressee'@en,0,,"99,38"
P3014,53,laws applied'@en,0,,"99,38"
P4403,53,caliber'@en,0,,"99,38"
P5131,53,possible medical findings'@en,0,,"99,38"
P6545,53,total assists in career'@en,0,,"99,38"
P6819,53,calligrapher'@en,0,,"99,38"
P6883,53,LilyPond notation'@en,0,,"99,38"
P7561,53,category for the interior of the item'@en,0,,"99,38"
P8453,53,public transport stop'@en,0,,"99,38"
P2828,52,corporate officer'@en,0,,"99,38"
P3261,52,anatomical branch of'@en,0,,"99,38"
P4566,52,awarded for period'@en,0,,"99,38"
P4913,52,dialect of'@en,0,,"99,38"
P2669,51,discontinued date'@en,0,,"99,38"
P3070,51,dynamic viscosity'@en,0,,"99,38"
P2658,50,Scoville grade'@en,0,,"99,38"
P2674,50,next crossing downstream'@en,0,,"99,38"
P5252,50,winter view'@en,0,,"99,38"
P6365,50,member category'@en,0,,"99,38"
P8005,50,research subject recruitment status'@en,0,,"99,38"
P2219,49,real GDP growth rate'@en,0,,"99,38"
P453,49,character role'@en,0,,"99,38"
P746,49,date of disappearance'@en,0,,"99,38"
P8498,49,road number formatter'@en,0,,"99,38"
P9139,49,first family name in Portuguese name'@en,0,,"99,38"
P1100,48,number of cylinders'@en,0,,"99,38"
P1703,48,is pollinated by'@en,0,,"99,38"
P2405,48,ceiling exposure limit'@en,0,,"99,38"
P2808,48,wavelength'@en,0,,"99,38"
P4884,48,court'@en,0,,"99,38"
P501,48,enclave within'@en,0,,"99,38"
P5067,48,non-operating temperature'@en,0,,"99,38"
P1117,47,pKa'@en,0,,"99,38"
P2370,47,conversion to SI unit'@en,0,,"99,38"
P6378,47,charter URL'@en,0,,"99,38"
P1347,46,military casualty classification'@en,0,,"99,38"
P1845,46,anti-virus alias'@en,0,,"99,38"
P3349,46,designed to carry'@en,0,,"99,38"
P610,46,highest point'@en,0,,"99,38"
P6338,46,colorist'@en,0,,"99,38"
P6889,46,microarchitecture'@en,0,,"99,38"
P8000,46,electron configuration'@en,0,,"99,38"
P8204,46,tabular case data'@en,0,,"99,38"
P1993,45,TeX string'@en,0,,"99,38"
P2630,45,cost of damage'@en,0,,"99,38"
P5009,45,complies with'@en,0,,"99,38"
P768,45,electoral district'@en,0,,"99,38"
P1012,44,including'@en,0,,"99,38"
P1706,44,together with'@en,0,,"99,38"
P2254,44,maximum operating altitude'@en,0,,"99,38"
P2319,44,elector'@en,0,,"99,38"
P2384,44,statement describes'@en,0,,"99,38"
P3893,44,public domain date'@en,0,,"99,38"
P5307,44,display technology'@en,0,,"99,38"
P6589,44,endowment'@en,0,,"99,38"
P3019,43,railway signalling system'@en,0,,"99,38"
P8898,43,road name formatter'@en,0,,"99,38"
P1074,42,fictional analog of'@en,0,,"99,38"
P230,42,ICAO airline designator'@en,0,,"99,38"
P3036,42,precipitation height'@en,0,,"99,38"
P3876,42,category for alumni of educational institution'@en,0,,"99,38"
P6254,42,subject lexeme'@en,0,,"99,38"
P8500,42,Vietnamese middle name'@en,0,,"99,38"
P935,42,Commons gallery'@en,0,,"99,38"
P9721,42,image of entrance'@en,0,,"99,38"
P9748,42,Wikimedia Incubator URL'@en,0,,"99,38"
P1136,41,solved by'@en,0,,"99,38"
P1785,41,temple name'@en,0,,"99,38"
P2645,41,mean lifetime'@en,0,,"99,38"
P3260,41,points awarded'@en,0,,"99,38"
P5977,41,Wikidata property example for senses'@en,0,,"99,38"
P209,40,highest judicial authority'@en,0,,"99,38"
P2629,40,BBFC rating'@en,0,,"99,38"
P500,40,exclave of'@en,0,,"99,38"
P8196,40,voting system'@en,0,,"99,38"
P8402,40,open data portal'@en,0,,"99,38"
P2303,39,exception to constraint'@en,0,,"99,38"
P2790,39,net tonnage'@en,0,,"99,38"
P3001,39,retirement age'@en,0,,"99,38"
P3490,39,muscle origin'@en,0,,"99,38"
P3938,39,named by'@en,0,,"99,38"
P5046,39,International Classification for Standards'@en,0,,"99,38"
P5625,39,Vietnamese reading'@en,0,,"99,38"
P10685,38,ionic radius'@en,0,,"99,38"
P208,38,executive body'@en,0,,"99,38"
P2747,38,Filmiroda rating'@en,0,,"99,38"
P3491,38,muscle insertion'@en,0,,"99,38"
P4878,38,symbolizes'@en,0,,"99,38"
P5658,38,railway traffic side'@en,0,,"99,38"
P8362,38,Regensburg Classification (works and editions)'@en,0,,"99,38"
P8972,38,small logo or icon'@en,0,,"99,38"
P9237,38,reissue of'@en,0,,"99,38"
P2289,37,venous drainage'@en,0,,"99,38"
P246,37,element symbol'@en,0,,"99,38"
P3090,37,flight number'@en,0,,"99,38"
P3934,37,face value'@en,0,,"99,38"
P1141,36,number of processor cores'@en,0,,"99,38"
P3680,36,statement supported by'@en,0,,"99,38"
P5522,36,Unicode block'@en,0,,"99,38"
P5595,36,number of platform faces'@en,0,,"99,38"
P7514,36,landscape architect'@en,0,,"99,38"
P8889,36,MTRCB rating'@en,0,,"99,38"
P8981,36,lunar coordinates'@en,0,,"99,38"
P9972,36,illustrative content'@en,0,,"99,38"
P2001,35,Revised Romanization'@en,0,,"99,38"
P2855,35,VAT-rate'@en,0,,"99,38"
P3950,35,narrower external class'@en,0,,"99,38"
P6363,35,WordLift URL'@en,0,,"99,38"
P2715,34,elected in'@en,0,,"99,38"
P4213,34,Unicode code point'@en,0,,"99,38"
P4661,34,reservoir created'@en,0,,"99,38"
P5412,34,romanization of Belarusian (2007 system)'@en,0,,"99,38"
P6437,34,day of regular release'@en,0,,"99,38"
P7376,34,worn by'@en,0,,"99,38"
P8274,34,living people protection class'@en,0,,"99,38"
P10741,33,dance'@en,0,,"99,38"
P2364,33,production code'@en,0,,"99,38"
P3358,33,positive prognostic predictor'@en,0,,"99,38"
P4743,33,animal breed'@en,0,,"99,38"
P7374,33,educational stage'@en,0,,"99,38"
P952,33,ISCO-88 occupation code'@en,0,,"99,38"
P1458,32,color index'@en,0,,"99,38"
P1472,32,Commons Creator page'@en,0,,"99,38"
P1590,32,number of casualties'@en,0,,"99,38"
P2021,32,Erdős number'@en,0,,"99,38"
P3041,32,luminous intensity'@en,0,,"99,38"
P3815,32,volcano observatory'@en,0,,"99,38"
P4176,32,effective firing range'@en,0,,"99,38"
P4646,32,representation of'@en,0,,"99,38"
P8702,32,parallel street'@en,0,,"99,38"
P8753,32,annual average daily traffic'@en,0,,"99,38"
P1041,31,socket supported'@en,0,,"99,38"
P1333,31,coordinates of southernmost point'@en,0,,"99,38"
P1942,31,McCune-Reischauer romanization'@en,0,,"99,38"
P5588,31,invasive to'@en,0,,"99,38"
P6439,31,has lyrics'@en,0,,"99,38"
P1335,30,coordinates of westernmost point'@en,0,,"99,38"
P2647,30,source of material'@en,0,,"99,38"
P3013,30,surface tension'@en,0,,"99,38"
P3679,30,stock market index'@en,0,,"99,38"
P4586,30,type foundry'@en,0,,"99,38"
P474,30,country calling code'@en,0,,"99,38"
P4745,30,is proceedings from'@en,0,,"99,38"
P5206,30,has conjugation class'@en,0,,"99,38"
P5606,30,class of station'@en,0,,"99,38"
P7108,30,location of the point of view'@en,0,,"99,38"
P1109,29,refractive index'@en,0,,"99,38"
P1471,29,reporting mark'@en,0,,"99,38"
P2546,29,sidekick of'@en,0,,"99,38"
P2560,29,GPU'@en,0,,"99,38"
P2564,29,Köppen climate classification'@en,0,,"99,38"
P2659,29,topographic isolation'@en,0,,"99,38"
P3067,29,GS1 country code'@en,0,,"99,38"
P3356,29,positive diagnostic predictor'@en,0,,"99,38"
P4600,29,polymer of'@en,0,,"99,38"
P4788,29,storage device'@en,0,,"99,38"
P5894,29,tuition fee'@en,0,,"99,38"
P8596,29,category for the exterior of the item'@en,0,,"99,38"
P1264,28,valid in period'@en,0,,"99,38"
P1546,28,motto'@en,0,,"99,38"
P1611,28,NATO code for grade'@en,0,,"99,38"
P1945,28,street key'@en,0,,"99,38"
P2107,28,decomposition point'@en,0,,"99,38"
P2228,28,maximum thrust'@en,0,,"99,38"
P2501,28,results'@en,0,,"99,38"
P2649,28,CQ Ranking men\'s team URL'@en,0,,"99,38"
P2859,28,X-SAMPA code'@en,0,,"99,38"
P2884,28,mains voltage'@en,0,,"99,38"
P375,28,space launch vehicle'@en,0,,"99,38"
P4688,28,geomorphological unit'@en,0,,"99,38"
P617,28,yard number'@en,0,,"99,38"
P7252,28,degree of difficulty'@en,0,,"99,38"
P7420,28,image with frame'@en,0,,"99,38"
P1909,27,side effect'@en,0,,"99,38"
P2133,27,total debt'@en,0,,"99,38"
P5193,27,Wikidata property example for forms'@en,0,,"99,38"
P9073,27,applicable \'stated in\' value'@en,0,,"99,38"
P2097,26,term length of office'@en,0,,"99,38"
P3713,26,category for value not in Wikidata'@en,0,,"99,38"
P3803,26,original film format'@en,0,,"99,38"
P3921,26,Wikidata SPARQL query equivalent'@en,0,,"99,38"
P470,26,Eight Banner register'@en,0,,"99,38"
P8225,26,is metaclass for'@en,0,,"99,38"
P8938,26,artistic director'@en,0,,"99,38"
P1811,25,list of episodes'@en,0,,"99,38"
P2235,25,external superproperty'@en,0,,"99,38"
P3335,25,associated hazard'@en,0,,"99,38"
P5280,25,radical'@en,0,,"99,38"
P7253,25,color produced'@en,0,,"99,38"
P1039,24,kinship to subject'@en,0,,"99,38"
P1332,24,coordinates of northernmost point'@en,0,,"99,38"
P1334,24,coordinates of easternmost point'@en,0,,"99,38"
P1704,24,is pollinator of'@en,0,,"99,38"
P2058,24,depositary'@en,0,,"99,38"
P2787,24,longest span'@en,0,,"99,38"
P3512,24,means of locomotion'@en,0,,"99,38"
P3909,24,last words'@en,0,,"99,38"
P416,24,quantity symbol (string)'@en,0,,"99,38"
P4914,24,produces cohesive end'@en,0,,"99,38"
P5138,24,season of club or team'@en,0,,"99,38"
P5348,24,angular diameter'@en,0,,"99,38"
P7781,24,exonerated of'@en,0,,"99,38"
P8791,24,digitised by'@en,0,,"99,38"
P8852,24,facial hair'@en,0,,"99,38"
P5475,23,CJKV variant character'@en,0,,"99,38"
P5995,23,kit supplier'@en,0,,"99,38"
P6949,23,announcement date'@en,0,,"99,38"
P8097,23,network bands'@en,0,,"99,38"
P8606,23,Stairway To Hell ID'@en,0,,"99,38"
P8786,23,dedicated heritage entity'@en,0,,"99,38"
P10622,22,per capita income'@en,0,,"99,38"
P1165,22,home world'@en,0,,"99,38"
P4253,22,number of constituencies'@en,0,,"99,38"
P4599,22,monomer of'@en,0,,"99,38"
P545,22,torch lit by'@en,0,,"99,38"
P5970,22,Medierådet rating'@en,0,,"99,38"
P6106,22,uses capitalization for'@en,0,,"99,38"
P9419,22,personal library at'@en,0,,"99,38"
P1636,21,date of baptism in early childhood'@en,0,,"99,38"
P1762,21,Hornbostel-Sachs classification'@en,0,,"99,38"
P2210,21,relative to'@en,0,,"99,38"
P2599,21,block size'@en,0,,"99,38"
P3087,21,fiscal/tax revenue'@en,0,,"99,38"
P3205,21,patient of'@en,0,,"99,38"
P3719,21,regulated by'@en,0,,"99,38"
P3752,21,worst-case time complexity'@en,0,,"99,38"
P4290,21,official app'@en,0,,"99,38"
P6116,21,chord progression'@en,0,,"99,38"
P6897,21,literacy rate'@en,0,,"99,38"
P8764,21,port calls'@en,0,,"99,38"
P10225,20,official shop URL'@en,0,,"99,38"
P1425,20,ecoregion (WWF)'@en,0,,"99,38"
P1589,20,lowest point'@en,0,,"99,38"
P1622,20,driving side'@en,0,,"99,38"
P2285,20,periapsis date'@en,0,,"99,38"
P2361,20,online service'@en,0,,"99,38"
P2738,20,disjoint union of'@en,0,,"99,38"
P5480,20,tensile modulus of elasticity'@en,0,,"99,38"
P556,20,crystal system'@en,0,,"99,38"
P566,20,basionym'@en,0,,"99,38"
P6655,20,stroke order'@en,0,,"99,38"
P7075,20,mod of'@en,0,,"99,38"
P8865,20,mathematical inverse'@en,0,,"99,38"
P1314,19,number of spans'@en,0,,"99,38"
P1725,19,beats per minute'@en,0,,"99,38"
P1752,19,scale'@en,0,,"99,38"
P1916,19,gene substitution association with'@en,0,,"99,38"
P2075,19,speed of sound'@en,0,,"99,38"
P2095,19,co-driver'@en,0,,"99,38"
P2125,19,Revised Hepburn romanization'@en,0,,"99,38"
P2351,19,number of graves'@en,0,,"99,38"
P2746,19,production statistics'@en,0,,"99,38"
P3776,19,inhibitor of'@en,0,,"99,38"
P4794,19,season starts'@en,0,,"99,38"
P5230,19,chromosome count'@en,0,,"99,38"
P5305,19,SPARQL endpoint'@en,0,,"99,38"
P5582,19,number of arrests'@en,0,,"99,38"
P5692,19,dummy value'@en,0,,"99,38"
P6591,19,maximum temperature record'@en,0,,"99,38"
P7415,19,code (image)'@en,0,,"99,38"
P795,19,located on linear feature'@en,0,,"99,38"
P8009,19,IM channel'@en,0,,"99,38"
P8822,19,epithet'@en,0,,"99,38"
P1013,18,criterion used'@en,0,,"99,38"
P1351,18,number of points/goals/set scored'@en,0,,"99,38"
P1657,18,MPAA film rating'@en,0,,"99,38"
P1678,18,has vertex figure'@en,0,,"99,38"
P3878,18,Soundex'@en,0,,"99,38"
P3879,18,Cologne phonetics'@en,0,,"99,38"
P4103,18,assets under management'@en,0,,"99,38"
P4312,18,camera setup'@en,0,,"99,38"
P4968,18,relevant qualification'@en,0,,"99,38"
P5248,18,medical evacuation to'@en,0,,"99,38"
P5471,18,Harmonized System Code'@en,0,,"99,38"
P550,18,chivalric order'@en,0,,"99,38"
P5994,18,recycling code'@en,0,,"99,38"
P6208,18,award rationale'@en,0,,"99,38"
P7250,18,mobile formatter URL'@en,0,,"99,38"
P7479,18,key col'@en,0,,"99,38"
P8403,18,theorised by'@en,0,,"99,38"
P8431,18,course'@en,0,,"99,38"
P1393,17,proxy'@en,0,,"99,38"
P2507,17,corrigendum / erratum'@en,0,,"99,38"
P2821,17,by-product'@en,0,,"99,38"
P3501,17,Christian liturgical rite'@en,0,,"99,38"
P427,17,taxonomic type'@en,0,,"99,38"
P6346,17,statutory purpose'@en,0,,"99,38"
P6541,17,Stack Exchange site'@en,0,,"99,38"
P8306,17,has grouping'@en,0,,"99,38"
P10311,16,official jobs URL'@en,0,,"99,38"
P1301,16,number of elevators'@en,0,,"99,38"
P1944,16,relief location map'@en,0,,"99,38"
P2159,16,computes solution to'@en,0,,"99,38"
P2260,16,ionization energy'@en,0,,"99,38"
P2329,16,antagonist muscle'@en,0,,"99,38"
P249,16,ticker symbol'@en,0,,"99,38"
P2756,16,EIRIN film rating'@en,0,,"99,38"
P2997,16,age of majority'@en,0,,"99,38"
P3270,16,compulsory education (minimum age)'@en,0,,"99,38"
P4912,16,century breaks'@en,0,,"99,38"
P5822,16,admission rate'@en,0,,"99,38"
P6711,16,data transfer speed'@en,0,,"99,38"
P7045,16,chassis'@en,0,,"99,38"
P7228,16,access restriction status'@en,0,,"99,38"
P8195,16,ex-libris'@en,0,,"99,38"
P8628,16,engine displacement'@en,0,,"99,38"
P9660,16,not found in'@en,0,,"99,38"
P1543,15,monogram'@en,0,,"99,38"
P1910,15,decreased expression in'@en,0,,"99,38"
P2098,15,substitute/deputy/replacement of office/officeholder'@en,0,,"99,38"
P2200,15,electric charge'@en,0,,"99,38"
P2217,15,cruise speed'@en,0,,"99,38"
P2232,15,cash'@en,0,,"99,38"
P2793,15,clearance'@en,0,,"99,38"
P3395,15,heart rate'@en,0,,"99,38"
P4239,15,vocalized name'@en,0,,"99,38"
P4448,15,cash back'@en,0,,"99,38"
P5024,15,choral conductor'@en,0,,"99,38"
P5051,15,towards'@en,0,,"99,38"
P514,15,interleaves with'@en,0,,"99,38"
P654,15,direction relative to location'@en,0,,"99,38"
P7327,15,OFLC classification'@en,0,,"99,38"
P1125,14,Gini coefficient'@en,0,,"99,38"
P1247,14,compression ratio'@en,0,,"99,38"
P1372,14,binding of software library'@en,0,,"99,38"
P1815,14,RSL scanned books identifier'@en,0,,"99,38"
P2129,14,immediately dangerous to life or health'@en,0,,"99,38"
P2318,14,debut participant'@en,0,,"99,38"
P2429,14,expected completeness'@en,0,,"99,38"
P2528,14,earthquake magnitude on the Richter magnitude scale'@en,0,,"99,38"
P2551,14,used metre'@en,0,,"99,38"
P2680,14,author of afterword'@en,0,,"99,38"
P2998,14,age of candidacy'@en,0,,"99,38"
P3078,14,standard enthalpy of formation'@en,0,,"99,38"
P3195,14,league points system'@en,0,,"99,38"
P3833,14,diaspora'@en,0,,"99,38"
P3917,14,IPA number order'@en,0,,"99,38"
P397,14,parent astronomical body'@en,0,,"99,38"
P4195,14,category for employees of the organization'@en,0,,"99,38"
P4424,14,mandates'@en,0,,"99,38"
P4501,14,albedo'@en,0,,"99,38"
P502,14,HURDAT identifier'@en,0,,"99,38"
P6531,14,observed in'@en,0,,"99,38"
P7377,14,tussenvoegsel'@en,0,,"99,38"
P7501,14,audio system'@en,0,,"99,38"
P788,14,mushroom ecological type'@en,0,,"99,38"
P8203,14,supported metadata'@en,0,,"99,38"
P10649,13,number of likes'@en,0,,"99,38"
P1227,13,astronomical filter'@en,0,,"99,38"
P1283,13,filmography'@en,0,,"99,38"
P1677,13,index case of'@en,0,,"99,38"
P3094,13,develops from'@en,0,,"99,38"
P4654,13,partition type identifier'@en,0,,"99,38"
P5027,13,number of representations'@en,0,,"99,38"
P5056,13,patronym or matronym for this person'@en,0,,"99,38"
P5810,13,cryptocurrency symbol'@en,0,,"99,38"
P667,13,ICPC 2 ID'@en,0,,"99,38"
P6686,13,musical motif'@en,0,,"99,38"
P7095,13,end grade'@en,0,,"99,38"
P7604,13,supervised by'@en,0,,"99,38"
P8046,13,Latvian transcription'@en,0,,"99,38"
P9700,13,delta of'@en,0,,"99,38"
P1403,12,original combination'@en,0,,"99,38"
P1789,12,chief operating officer'@en,0,,"99,38"
P1853,12,blood type'@en,0,,"99,38"
P2010,12,Exif make'@en,0,,"99,38"
P2595,12,maximum gradient'@en,0,,"99,38"
P2784,12,Mercalli intensity scale'@en,0,,"99,38"
P3071,12,standard molar entropy'@en,0,,"99,38"
P3440,12,time signature'@en,0,,"99,38"
P4163,12,magnification'@en,0,,"99,38"
P4379,12,youth wing'@en,0,,"99,38"
P4988,12,test method'@en,0,,"99,38"
P5389,12,permanent resident of'@en,0,,"99,38"
P6001,12,applies to people'@en,0,,"99,38"
P6530,12,has role in modeling'@en,0,,"99,38"
P6639,12,capacity factor'@en,0,,"99,38"
P6793,12,WMI code'@en,0,,"99,38"
P7295,12,Gregorian calendar start date'@en,0,,"99,38"
P7500,12,comorbidity'@en,0,,"99,38"
P7510,12,XML namespace'@en,0,,"99,38"
P8112,12,CSS color keyword'@en,0,,"99,38"
P9732,12,URL for citizen\'s initiatives'@en,0,,"99,38"
P10672,11,raw material processed'@en,0,,"99,38"
P10756,11,number of reblogs'@en,0,,"99,38"
P1534,11,end cause'@en,0,,"99,38"
P2141,11,foreign direct investment net inflow'@en,0,,"99,38"
P2258,11,mobile country code'@en,0,,"99,38"
P238,11,IATA airport code'@en,0,,"99,38"
P2565,11,global warming potential'@en,0,,"99,38"
P2591,11,grammatical option indicates'@en,0,,"99,38"
P3030,11,sheet music'@en,0,,"99,38"
P3150,11,birthday'@en,0,,"99,38"
P4353,11,nominated by'@en,0,,"99,38"
P4437,11,FPB rating'@en,0,,"99,38"
P489,11,currency symbol description'@en,0,,"99,38"
P7584,11,age estimated by a dating method'@en,0,,"99,38"
P8258,11,field of training'@en,0,,"99,38"
P10263,10,admission yield rate'@en,0,,"99,38"
P10280,10,category for honorary citizens of entity'@en,0,,"99,38"
P10449,10,trained by'@en,0,,"99,38"
P1088,10,Mohs\' hardness'@en,0,,"99,38"
P1345,10,number of victims of killer'@en,0,,"99,38"
P1446,10,number of missing'@en,0,,"99,38"
P1918,10,altered regulation leads to'@en,0,,"99,38"
P2103,10,size of team at start'@en,0,,"99,38"
P2112,10,wing area'@en,0,,"99,38"
P2140,10,foreign direct investment net outflow'@en,0,,"99,38"
P2353,10,statistical unit'@en,0,,"99,38"
P2527,10,earthquake magnitude on the moment magnitude scale'@en,0,,"99,38"
P3027,10,open period from'@en,0,,"99,38"
P3028,10,open period to'@en,0,,"99,38"
P3439,10,angular resolution'@en,0,,"99,38"
P4135,10,maximum age'@en,0,,"99,38"
P4271,10,rating'@en,0,,"99,38"
P4958,10,classification of the best at metas volantes'@en,0,,"99,38"
P562,10,central bank/issuer'@en,0,,"99,38"
P5805,10,OSI Model layer location'@en,0,,"99,38"
P6195,10,funding scheme'@en,0,,"99,38"
P6424,10,affiliation string'@en,0,,"99,38"
P6718,10,music video'@en,0,,"99,38"
P6875,10,motif represents'@en,0,,"99,38"
P7603,10,CITES Appendix'@en,0,,"99,38"
P7643,10,covered period'@en,0,,"99,38"
P787,10,spore print color'@en,0,,"99,38"
P8017,10,generational suffix'@en,0,,"99,38"
P8058,10,symbol of'@en,0,,"99,38"
P8115,10,eligible recipient'@en,0,,"99,38"
P8550,10,law identifier'@en,0,,"99,38"
P8738,10,permits'@en,0,,"99,38"
P8874,10,Hong Kong film rating'@en,0,,"99,38"
P9901,10,issuing agent of work'@en,0,,"99,38"
P1171,9,approximation algorithm'@en,0,,"99,38"
P1183,9,Gewässerkennzahl'@en,0,,"99,38"
P1304,9,central bank'@en,0,,"99,38"
P1561,9,number of survivors'@en,0,,"99,38"
P1775,9,follower of'@en,0,,"99,38"
P2702,9,dataset distribution'@en,0,,"99,38"
P2876,9,type of unit for this property'@en,0,,"99,38"
P3005,9,valid in place'@en,0,,"99,38"
P3402,9,CNC film rating (Romania)'@en,0,,"99,38"
P3529,9,median income'@en,0,,"99,38"
P4444,9,reward'@en,0,,"99,38"
P4733,9,produced sound'@en,0,,"99,38"
P5095,9,fault'@en,0,,"99,38"
P5537,9,Hangul of a Chinese character'@en,0,,"99,38"
P656,9,RefSeq'@en,0,,"99,38"
P6608,9,General Material Designation'@en,0,,"99,38"
P6733,9,National Taxonomy of Exempt Entities code'@en,0,,"99,38"
P8757,9,maximum current'@en,0,,"99,38"
P9234,9,supplement to'@en,0,,"99,38"
P9906,9,inscription image'@en,0,,"99,38"
P10091,8,death rate'@en,0,,"99,38"
P10228,8,facilitates flow of'@en,0,,"99,38"
P10664,8,featured track(s)'@en,0,,"99,38"
P1211,8,fuel system'@en,0,,"99,38"
P1421,8,GRIN URL'@en,0,,"99,38"
P1637,8,undercarriage'@en,0,,"99,38"
P1779,8,possible creator'@en,0,,"99,38"
P2056,8,specific heat capacity'@en,0,,"99,38"
P2135,8,total exports'@en,0,,"99,38"
P2154,8,binding energy'@en,0,,"99,38"
P2201,8,electric dipole moment'@en,0,,"99,38"
P2212,8,angular distance'@en,0,,"99,38"
P2363,8,NMHH film rating'@en,0,,"99,38"
P2532,8,lowest atmospheric pressure'@en,0,,"99,38"
P2834,8,individual tax rate'@en,0,,"99,38"
P2992,8,software quality assurance'@en,0,,"99,38"
P3263,8,base'@en,0,,"99,38"
P367,8,astronomic symbol image'@en,0,,"99,38"
P3701,8,incarnation of'@en,0,,"99,38"
P3764,8,pole position'@en,0,,"99,38"
P4140,8,energy storage capacity'@en,0,,"99,38"
P4183,8,angle from vertical'@en,0,,"99,38"
P4350,8,salinity'@en,0,,"99,38"
P4446,8,reward program'@en,0,,"99,38"
P459,8,determination method'@en,0,,"99,38"
P4656,8,Wikimedia import URL'@en,0,,"99,38"
P5040,8,GHS hazard pictogram'@en,0,,"99,38"
P5135,8,greater than'@en,0,,"99,38"
P5304,8,type locality (biology)'@en,0,,"99,38"
P534,8,streak color'@en,0,,"99,38"
P5624,8,pitting resistance equivalent number'@en,0,,"99,38"
P5708,8,force'@en,0,,"99,38"
P5901,8,official number of town quarter'@en,0,,"99,38"
P5913,8,has inflection class'@en,0,,"99,38"
P5996,8,category for films in this language'@en,0,,"99,38"
P6658,8,RCQ classification'@en,0,,"99,38"
P6978,8,Scandinavian middle family name'@en,0,,"99,38"
P7290,8,FCC Product Code'@en,0,,"99,38"
P7470,8,URN formatter'@en,0,,"99,38"
P785,8,hymenium attachment'@en,0,,"99,38"
P820,8,arXiv classification'@en,0,,"99,38"
P9325,8,Gedong Kirtya Classification'@en,0,,"99,38"
P9681,8,voted on by'@en,0,,"99,38"
P10714,7,WikiProject importance scale rating'@en,0,,"99,38"
P1127,7,isospin z-component'@en,0,,"99,38"
P1170,7,transmitted signal type'@en,0,,"99,38"
P2288,7,lymphatic drainage'@en,0,,"99,38"
P2308,7,class'@en,0,,"99,38"
P2854,7,disease burden'@en,0,,"99,38"
P2964,7,right to vote'@en,0,,"99,38"
P3754,7,average time complexity'@en,0,,"99,38"
P4070,7,identifier shared with'@en,0,,"99,38"
P5872,7,perfume note'@en,0,,"99,38"
P619,7,UTC date of spacecraft launch'@en,0,,"99,38"
P6524,7,expression of'@en,0,,"99,38"
P6606,7,study or design for'@en,0,,"99,38"
P6840,7,student organization of'@en,0,,"99,38"
P7169,7,substitute director/manager'@en,0,,"99,38"
P7309,7,climbing route'@en,0,,"99,38"
P7725,7,litter size'@en,0,,"99,38"
P7903,7,gained territory from'@en,0,,"99,38"
P8030,7,size designation'@en,0,,"99,38"
P8739,7,prohibits'@en,0,,"99,38"
P9929,7,madhhab'@en,0,,"99,38"
P1032,6,Digital Rights Management system'@en,0,,"99,38"
P10422,6,Ghana Place Names URL'@en,0,,"99,38"
P10788,6,in operation on service'@en,0,,"99,38"
P1151,6,topic\'s main Wikimedia portal'@en,0,,"99,38"
P1465,6,category for people who died here'@en,0,,"99,38"
P1568,6,definition domain'@en,0,,"99,38"
P1639,6,pendant of'@en,0,,"99,38"
P2033,6,category for pictures taken with camera'@en,0,,"99,38"
P2068,6,thermal conductivity'@en,0,,"99,38"
P2118,6,kinematic viscosity'@en,0,,"99,38"
P2150,6,FSB speed'@en,0,,"99,38"
P2179,6,ACM Classification Code (2012)'@en,0,,"99,38"
P2198,6,average gradient'@en,0,,"99,38"
P2199,6,autoignition temperature'@en,0,,"99,38"
P2230,6,torque'@en,0,,"99,38"
P2297,6,employment by economic sector'@en,0,,"99,38"
P2520,6,UNESCO Biosphere Reserve URL'@en,0,,"99,38"
P2875,6,property usage tracking category'@en,0,,"99,38"
P3063,6,gestation period'@en,0,,"99,38"
P3216,6,ClassInd rating'@en,0,,"99,38"
P3487,6,maximal incubation period in humans'@en,0,,"99,38"
P3488,6,minimal incubation period in humans'@en,0,,"99,38"
P3625,6,Kirshenbaum code'@en,0,,"99,38"
P3823,6,Ethnologue language status'@en,0,,"99,38"
P3967,6,final event'@en,0,,"99,38"
P4218,6,shelf life'@en,0,,"99,38"
P4316,6,kinship equivalent in SPARQL at Wikidata'@en,0,,"99,38"
P447,6,review score by'@en,0,,"99,38"
P4573,6,Merchant Category Code'@en,0,,"99,38"
P5069,6,service life'@en,0,,"99,38"
P523,6,temporal range start'@en,0,,"99,38"
P5483,6,hardness'@en,0,,"99,38"
P5594,6,moisture absorption'@en,0,,"99,38"
P5873,6,place of devotion'@en,0,,"99,38"
P5896,6,trading fee'@en,0,,"99,38"
P6272,6,specific rotation'@en,0,,"99,38"
P6570,6,number of words'@en,0,,"99,38"
P7086,6,start grade'@en,0,,"99,38"
P7167,6,does not have effect'@en,0,,"99,38"
P7422,6,minimum temperature record'@en,0,,"99,38"
P7452,6,reason for preferred rank'@en,0,,"99,38"
P7469,6,orientation'@en,0,,"99,38"
P7535,6,scope and content'@en,0,,"99,38"
P7589,6,enacted date'@en,0,,"99,38"
P7767,6,serving temperature'@en,0,,"99,38"
P8263,6,curriculum topics'@en,0,,"99,38"
P8283,6,ISCO-08 occupation code'@en,0,,"99,38"
P8340,6,estimated value'@en,0,,"99,38"
P847,6,United States Navy aircraft designation'@en,0,,"99,38"
P8480,6,Ofsted inspection rating'@en,0,,"99,38"
P855,6,Sandbox-URL'@en,0,,"99,38"
P8556,6,extinction date'@en,0,,"99,38"
P8646,6,expansion of'@en,0,,"99,38"
P8763,6,birth rate'@en,0,,"99,38"
P9138,6,service status information URL'@en,0,,"99,38"
P9239,6,affiliated worker organisation'@en,0,,"99,38"
P9549,6,official podcast'@en,0,,"99,38"
P9566,6,diel cycle'@en,0,,"99,38"
P9883,6,created for'@en,0,,"99,38"
P1791,5,category of people buried here'@en,0,,"99,38"
P1912,5,gene deletion association with'@en,0,,"99,38"
P2918,5,PO Box'@en,0,,"99,38"
P3741,5,seed dispersal'@en,0,,"99,38"
P4595,5,post town'@en,0,,"99,38"
P4882,5,segmental innervation'@en,0,,"99,38"
P4954,5,may prevent'@en,0,,"99,38"
P5071,5,boiler pressure'@en,0,,"99,38"
P5201,5,IMDA rating'@en,0,,"99,38"
P5204,5,date of commercialization'@en,0,,"99,38"
P7419,5,gender educated'@en,0,,"99,38"
P7573,5,IFCO rating'@en,0,,"99,38"
P7971,5,food energy'@en,0,,"99,38"
P799,5,Air Ministry specification ID'@en,0,,"99,38"
P8339,5,entry receptor'@en,0,,"99,38"
P873,5,phase point'@en,0,,"99,38"
P10027,4,official forum URL'@en,0,,"99,38"
P10374,4,computational complexity'@en,0,,"99,38"
P1078,4,Valvetrain configuration'@en,0,,"99,38"
P114,4,airline alliance'@en,0,,"99,38"
P1348,4,AlgaeBase URL'@en,0,,"99,38"
P1360,4,Monte Carlo Particle Number'@en,0,,"99,38"
P1612,4,Commons Institution page'@en,0,,"99,38"
P1683,4,quotation'@en,0,,"99,38"
P1777,4,manner of'@en,0,,"99,38"
P1872,4,minimum number of players'@en,0,,"99,38"
P1903,4,volcanic explosivity index'@en,0,,"99,38"
P1932,4,object stated as'@en,0,,"99,38"
P2069,4,magnetic moment'@en,0,,"99,38"
P2116,4,molar enthalpy of vaporization'@en,0,,"99,38"
P2136,4,total imports'@en,0,,"99,38"
P2312,4,maximum value'@en,0,,"99,38"
P2343,4,playing range image'@en,0,,"99,38"
P2371,4,FAO risk status'@en,0,,"99,38"
P2411,4,Artsy gene'@en,0,,"99,38"
P2430,4,takeoff roll'@en,0,,"99,38"
P2557,4,stroke'@en,0,,"99,38"
P2668,4,stability of property value'@en,0,,"99,38"
P2675,4,reply to'@en,0,,"99,38"
P2681,4,is recto of'@en,0,,"99,38"
P2682,4,is verso of'@en,0,,"99,38"
P2712,4,median lethal concentration (LC50)'@en,0,,"99,38"
P2839,4,gait'@en,0,,"99,38"
P3020,4,residence time of water'@en,0,,"99,38"
P3447,4,mirrors data from'@en,0,,"99,38"
P3592,4,Saros cycle of eclipse'@en,0,,"99,38"
P3740,4,number of works'@en,0,,"99,38"
P376,4,located on astronomical body'@en,0,,"99,38"
P3792,4,rate of fire'@en,0,,"99,38"
P3831,4,object has role'@en,0,,"99,38"
P3834,4,RTC film rating'@en,0,,"99,38"
P3994,4,racon signal'@en,0,,"99,38"
P418,4,"has seal, badge, or sigil'@en",0,,"99,38"
P423,4,shooting handedness'@en,0,,"99,38"
P4506,4,Formal Public Identifier'@en,0,,"99,38"
P4624,4,squadron embarked'@en,0,,"99,38"
P4774,4,biological phase'@en,0,,"99,38"
P5053,4,fastest lap'@en,0,,"99,38"
P5136,4,less than'@en,0,,"99,38"
P5150,4,IGAC rating'@en,0,,"99,38"
P5448,4,upper limit'@en,0,,"99,38"
P546,4,docking port'@en,0,,"99,38"
P5520,4,toughness'@en,0,,"99,38"
P5676,4,relative permeability'@en,0,,"99,38"
P5841,4,Status in the Red List of Threatened Species in the Czech Republic'@en,0,,"99,38"
P588,4,coolant'@en,0,,"99,38"
P5895,4,foreign transaction fee'@en,0,,"99,38"
P5900,4,JMA Magnitude'@en,0,,"99,38"
P6186,4,category for eponymous categories'@en,0,,"99,38"
P620,4,time of spacecraft landing'@en,0,,"99,38"
P6224,4,level of description'@en,0,,"99,38"
P6440,4,maintenance method'@en,0,,"99,38"
P6592,4,OpenStreetMap zoom level'@en,0,,"99,38"
P6855,4,emergency services'@en,0,,"99,38"
P693,4,cleavage'@en,0,,"99,38"
P7103,4,start of covered period'@en,0,,"99,38"
P7209,4,ordeal by'@en,0,,"99,38"
P7243,4,pronunciation'@en,0,,"99,38"
P7330,4,Hardware Version Identification Number'@en,0,,"99,38"
P7378,4,item disputed by'@en,0,,"99,38"
P7705,4,superfamicom.org URL'@en,0,,"99,38"
P7719,4,generalization of'@en,0,,"99,38"
P8464,4,content partnership category'@en,0,,"99,38"
P8470,4,order number'@en,0,,"99,38"
P8746,4,check-out time'@en,0,,"99,38"
P8887,4,water area'@en,0,,"99,38"
P8991,4,ALA-LC romanization'@en,0,,"99,38"
P9086,4,BAMID film rating'@en,0,,"99,38"
P9767,4,edition/version'@en,0,,"99,38"
P9924,4,number of evacuated'@en,0,,"99,38"
P10067,3,train melody'@en,0,,"99,38"
P1310,3,statement disputed by'@en,0,,"99,38"
P1355,3,number of wins'@en,0,,"99,38"
P1558,3,tempo marking'@en,0,,"99,38"
P1660,3,has index case'@en,0,,"99,38"
P2502,3,classification of race'@en,0,,"99,38"
P2710,3,minimal lethal concentration'@en,0,,"99,38"
P3492,3,basic reproduction number'@en,0,,"99,38"
P4006,3,overrules'@en,0,,"99,38"
P565,3,crystal habit'@en,0,,"99,38"
P6191,3,language style'@en,0,,"99,38"
P670,3,street number'@en,0,,"99,38"
P7008,3,unabbreviated text'@en,0,,"99,38"
P7294,3,itch.io URL'@en,0,,"99,38"
P7890,3,8-bits.info URL'@en,0,,"99,38"
P8131,3,dialect of computer language'@en,0,,"99,38"
P8571,3,external auditor'@en,0,,"99,38"
P9396,3,trade union membership rate'@en,0,,"99,38"
P965,3,burial plot reference'@en,0,,"99,38"
P9740,3,number of request signatories'@en,0,,"99,38"
P9758,3,symbol represents'@en,0,,"99,38"
P10019,2,term in higher taxon'@en,0,,"99,38"
P10113,2,IMA Mineral Symbol'@en,0,,"99,38"
P10129,2,protective marking'@en,0,,"99,38"
P10527,2,documentation files at'@en,0,,"99,38"
P10564,2,NAF code'@en,0,,"99,38"
P10607,2,athletics program'@en,0,,"99,38"
P10654,2,rack system'@en,0,,"99,38"
P10655,2,oeconym'@en,0,,"99,38"
P10732,2,probability mass function'@en,0,,"99,38"
P10806,2,orchestrator'@en,0,,"99,38"
P1099,2,number of masts'@en,0,,"99,38"
P1194,2,received signal type'@en,0,,"99,38"
P1199,2,mode of inheritance'@en,0,,"99,38"
P1200,2,bodies of water basin category'@en,0,,"99,38"
P1319,2,earliest date'@en,0,,"99,38"
P1349,2,ploidy'@en,0,,"99,38"
P1418,2,orbits completed'@en,0,,"99,38"
P1470,2,maximum glide ratio'@en,0,,"99,38"
P1606,2,natural reservoir of'@en,0,,"99,38"
P1689,2,central government debt as a percent of GDP'@en,0,,"99,38"
P1774,2,workshop of'@en,0,,"99,38"
P1898,2,lowest note'@en,0,,"99,38"
P1921,2,formatter URI for RDF resource'@en,0,,"99,38"
P1931,2,NIOSH Pocket Guide ID'@en,0,,"99,38"
P1991,2,LPSN URL'@en,0,,"99,38"
P2060,2,luminosity'@en,0,,"99,38"
P2077,2,under pressure'@en,0,,"99,38"
P2113,2,sublimation temperature'@en,0,,"99,38"
P2197,2,production rate'@en,0,,"99,38"
P2202,2,lower flammable limit'@en,0,,"99,38"
P2203,2,upper flammable limit'@en,0,,"99,38"
P2208,2,average shot length'@en,0,,"99,38"
P2292,2,consumption rate'@en,0,,"99,38"
P2366,2,Roman agnomen'@en,0,,"99,38"
P2396,2,image of function'@en,0,,"99,38"
P2414,2,substrate of'@en,0,,"99,38"
P2445,2,metasubclass of'@en,0,,"99,38"
P2822,2,by-product of'@en,0,,"99,38"
P2831,2,totem'@en,0,,"99,38"
P2841,2,age of onset'@en,0,,"99,38"
P2893,2,Skype username'@en,0,,"99,38"
P2999,2,age of consent'@en,0,,"99,38"
P3096,2,KML file'@en,0,,"99,38"
P3137,2,parent peak'@en,0,,"99,38"
P3268,2,PORT organization URL'@en,0,,"99,38"
P3387,2,minimum frequency of audible sound'@en,0,,"99,38"
P3415,2,start period'@en,0,,"99,38"
P3465,2,maximum frequency of audible sound'@en,0,,"99,38"
P3486,2,normal respiratory rate'@en,0,,"99,38"
P3493,2,legal status (medicine)'@en,0,,"99,38"
P369,2,Sandbox-Item'@en,0,,"99,38"
P3771,2,activator of'@en,0,,"99,38"
P3773,2,antagonist of'@en,0,,"99,38"
P3816,2,film script'@en,0,,"99,38"
P3903,2,column'@en,0,,"99,38"
P4002,2,WFD Ecological status'@en,0,,"99,38"
P4082,2,captured with'@en,0,,"99,38"
P4137,2,muzzle velocity'@en,0,,"99,38"
P4149,2,conjugate base'@en,0,,"99,38"
P4214,2,highest observed lifespan'@en,0,,"99,38"
P4225,2,IPA Braille'@en,0,,"99,38"
P4292,2,possessed by spirit'@en,0,,"99,38"
P4295,2,readership'@en,0,,"99,38"
P4867,2,RFE symbol'@en,0,,"99,38"
P4909,2,number of players in region'@en,0,,"99,38"
P5017,2,last update'@en,0,,"99,38"
P5045,2,number of blank votes'@en,0,,"99,38"
P5102,2,nature of statement'@en,0,,"99,38"
P5133,2,has evaluation'@en,0,,"99,38"
P5141,2,coastline'@en,0,,"99,38"
P5191,2,derived from lexeme'@en,0,,"99,38"
P524,2,temporal range end'@en,0,,"99,38"
P5386,2,JMA Seismic Intensity Scale'@en,0,,"99,38"
P5479,2,ultimate tensile strength'@en,0,,"99,38"
P5518,2,four-corner method'@en,0,,"99,38"
P5529,2,yield strength'@en,0,,"99,38"
P555,2,doubles record'@en,0,,"99,38"
P5564,2,registration district'@en,0,,"99,38"
P5589,2,microstructure'@en,0,,"99,38"
P5592,2,number of works accessible online'@en,0,,"99,38"
P5623,2,type of water supply'@en,0,,"99,38"
P564,2,singles record'@en,0,,"99,38"
P5669,2,compressive strength'@en,0,,"99,38"
P5677,2,flexural strength'@en,0,,"99,38"
P5679,2,electrical resistivity'@en,0,,"99,38"
P5706,2,shear strength'@en,0,,"99,38"
P5878,2,Taxonomic Literature 2 number'@en,0,,"99,38"
P5881,2,projection designer'@en,0,,"99,38"
P589,2,point group'@en,0,,"99,38"
P5910,2,ENI number'@en,0,,"99,38"
P5961,2,depicted part'@en,0,,"99,38"
P5962,2,sail emblem'@en,0,,"99,38"
P6000,2,water footprint'@en,0,,"99,38"
P6237,2,real estate developer'@en,0,,"99,38"
P6259,2,epoch'@en,0,,"99,38"
P6533,2,type of front suspension'@en,0,,"99,38"
P6540,2,multi-channel network'@en,0,,"99,38"
P6587,2,league system'@en,0,,"99,38"
P6590,2,highest break'@en,0,,"99,38"
P6710,2,linear reference'@en,0,,"99,38"
P6884,2,target muscle'@en,0,,"99,38"
P6939,2,moved by'@en,0,,"99,38"
P6954,2,online access status'@en,0,,"99,38"
P7104,2,end of covered period'@en,0,,"99,38"
P7174,2,school class'@en,0,,"99,38"
P7406,2,style of karate'@en,0,,"99,38"
P7407,2,name (image)'@en,0,,"99,38"
P7417,2,image of backside'@en,0,,"99,38"
P7457,2,creator\'s signature'@en,0,,"99,38"
P7727,2,legislative committee'@en,0,,"99,38"
P7867,2,category for maps'@en,0,,"99,38"
P8004,2,ordered by'@en,0,,"99,38"
P8183,2,general property-based URL formatter'@en,0,,"99,38"
P8247,2,nominal share capital'@en,0,,"99,38"
P8265,2,based on tabular data'@en,0,,"99,38"
P8307,2,has sorting'@en,0,,"99,38"
P8363,2,study type'@en,0,,"99,38"
P8627,2,closing time'@en,0,,"99,38"
P8652,2,Netflix maturity rating'@en,0,,"99,38"
P8667,2,twin town sign'@en,0,,"99,38"
P8693,2,fandom'@en,0,,"99,38"
P8745,2,check-in time'@en,0,,"99,38"
P8810,2,parent'@en,0,,"99,38"
P8866,2,has operator'@en,0,,"99,38"
P9030,2,solution to'@en,0,,"99,38"
P926,2,postsynaptic connection'@en,0,,"99,38"
P928,2,activating neurotransmitter'@en,0,,"99,38"
P929,2,color space'@en,0,,"99,38"
P9361,2,external georeferencing URL'@en,0,,"99,38"
P9382,2,Unicode character name'@en,0,,"99,38"
P9494,2,accessibility statement URL'@en,0,,"99,38"
P9548,2,earned run average'@en,0,,"99,38"
P9664,2,named place on map'@en,0,,"99,38"
P9745,2,translation of'@en,0,,"99,38"
P9810,2,remix of'@en,0,,"99,38"
P9908,2,Hardy\'s Guide to Marine Gastropods URL'@en,0,,"99,38"
P9926,2,template populates category'@en,0,,"99,38"
P9946,2,date of probate'@en,0,,"99,38"
P9989,2,stylized name'@en,0,,"99,38"
,132552453,,,,